"","cell_type","donor","ArchR.cluster","Clusters.res_1","Clusters.res_1.5","Clusters.res_2"
"GSE96769#SRR5355645","pDC","BM1137",9,3,3,4
"GSE96769#SRR5355762","pDC","BM1214",9,3,3,4
"GSE96769#SRR5355592","pDC","BM1137",9,3,3,4
"GSE96769#SRR5355190","MEP","BM1077",1,2,4,5
"GSE96769#SRR5355243","MEP","BM0828",2,2,4,5
"GSE96769#SRR5355244","MEP","BM0828",2,2,4,5
"GSE96769#SRR5355856","UNK","BM0106",4,1,1,0
"GSE96769#SRR5355199","MEP","BM0828",2,2,4,5
"GSE96769#SRR5354392","CMP","BM1077",7,1,5,7
"GSE96769#SRR5354143","LMPP","BM0828",5,1,5,6
"GSE96769#SRR5354420","CMP","BM1077",7,2,2,1
"GSE96769#SRR5355305","MEP","BM4983",1,2,4,5
"GSE96769#SRR5355858","UNK","BM0106",4,1,1,0
"GSE96769#SRR5355921","GMP-A","BM1137",4,1,1,0
"GSE96769#SRR5355059","GMP","BM1214",5,1,5,6
"GSE96769#SRR5354051","LMPP","BM0828",5,1,5,6
"GSE96769#SRR5353541","HSC","BM0106",6,0,0,2
"GSE96769#SRR5355624","pDC","BM1137",9,3,3,4
"GSE96769#SRR5354818","GMP","BM1077",4,1,1,0
"GSE96769#SRR5355095","GMP","BM1214",4,1,1,0
"GSE96769#SRR5353441","HSC","BM1077",6,0,0,2
"GSE96769#SRR5355560","CLP","BM0828",10,4,6,8
"GSE96769#SRR5355587","pDC","BM1137",9,3,3,4
"GSE96769#SRR5355753","pDC","BM1214",9,3,3,4
"GSE96769#SRR5355859","UNK","BM0106",4,1,1,0
"GSE96769#SRR5355875","GMP-A","BM1137",4,1,1,0
"GSE96769#SRR5354308","CMP","BM1137",3,5,7,9
"GSE96769#SRR5355267","MEP","BM0828",2,2,4,5
"GSE96769#SRR5354582","CMP","BM1137",7,2,2,1
"GSE96769#SRR5355871","GMP-A","BM1137",4,1,1,0
"GSE96769#SRR5354022","MPP","BM0828",8,2,2,7
"GSE96769#SRR5355876","GMP-A","BM1137",4,1,1,0
"GSE96769#SRR5356134","GMP-C","BM1137",4,1,1,6
"GSE96769#SRR5355031","GMP","BM1214",5,1,5,6
"GSE96769#SRR5355237","MEP","BM0828",2,2,4,5
"GSE96769#SRR5355887","GMP-A","BM1137",10,4,6,8
"GSE96769#SRR5355958","GMP-A","BM1137",4,1,1,0
"GSE96769#SRR5354531","CMP","BM1137",1,2,4,5
"GSE96769#SRR5356087","GMP-C","BM1137",4,1,1,0
"GSE96769#SRR5354478","CMP","BM1214",7,2,2,1
"GSE96769#SRR5355666","pDC","BM1137",9,3,3,4
"GSE96769#SRR5354474","CMP","BM1214",7,2,2,1
"GSE96769#SRR5354755","CMP","BM0828",8,2,2,1
"GSE96769#SRR5355908","GMP-A","BM1137",4,1,1,0
"GSE96769#SRR5354507","CMP","BM1214",7,2,2,1
"GSE96769#SRR5354448","CMP","BM1214",7,2,2,1
"GSE96769#SRR5355251","MEP","BM0828",2,2,4,5
"GSE96769#SRR5355057","GMP","BM1214",4,1,1,0
"GSE96769#SRR5355481","CLP","BM1077",10,4,6,8
"GSE96769#SRR5356016","GMP-B","BM1137",4,1,1,0
"GSE96769#SRR5355157","MEP","BM1077",1,2,4,5
"GSE96769#SRR5354388","CMP","BM1077",7,2,2,7
"GSE96769#SRR5355975","GMP-B","BM1137",5,1,1,6
"GSE96769#SRR5354887","GMP","BM1077",4,1,1,0
"GSE96769#SRR5353478","HSC","BM0106",6,0,5,6
"GSE96769#SRR5354479","CMP","BM1214",7,2,2,1
"GSE96769#SRR5355968","GMP-B","BM1137",4,1,1,0
"GSE96769#SRR5356095","GMP-C","BM1137",4,1,1,0
"GSE96769#SRR5354385","CMP","BM1077",7,2,2,1
"GSE96769#SRR5355211","MEP","BM0828",2,2,4,5
"GSE96769#SRR5356129","GMP-C","BM1137",4,3,3,4
"GSE96769#SRR5356059","GMP-B","BM1137",4,1,1,6
"GSE96769#SRR5355260","MEP","BM0828",2,2,4,5
"GSE96769#SRR5355032","GMP","BM1214",4,1,1,0
"GSE96769#SRR5355084","GMP","BM1214",4,1,1,0
"GSE96769#SRR5355075","GMP","BM1214",4,1,1,0
"GSE96769#SRR5356092","GMP-C","BM1137",4,1,1,0
"GSE96769#SRR5355837","UNK","BM0106",4,1,1,0
"GSE96769#SRR5354215","CMP","BM1077",7,2,2,1
"GSE96769#SRR5356148","GMP-C","BM1137",4,1,1,0
"GSE96769#SRR5356149","GMP-C","BM1137",4,1,1,0
"GSE96769#SRR5355941","GMP-A","BM1137",4,1,1,0
"GSE96769#SRR5355807","UNK","BM0106",4,1,1,0
"GSE96769#SRR5355245","MEP","BM0828",2,2,4,5
"GSE96769#SRR5355118","MEP","BM1077",1,2,4,5
"GSE96769#SRR5354410","CMP","BM1077",7,2,2,1
"GSE96769#SRR5354397","CMP","BM1077",7,2,2,1
"GSE96769#SRR5354701","CMP","BM1214",6,0,0,3
"GSE96769#SRR5354456","CMP","BM1214",7,2,2,1
"GSE96769#SRR5355085","GMP","BM1214",4,1,1,0
"GSE96769#SRR5355067","GMP","BM1214",4,1,1,0
"GSE96769#SRR5354717","CMP","BM1214",7,2,2,1
"GSE96769#SRR5355523","CLP","BM0828",10,4,6,8
"GSE96769#SRR5354824","GMP","BM1077",4,1,1,0
"GSE96769#SRR5355722","pDC","BM1214",9,3,3,4
"GSE96769#SRR5356117","GMP-C","BM1137",4,1,1,0
"GSE96769#SRR5353596","HSC","BM0106",6,0,0,3
"GSE96769#SRR5356098","GMP-C","BM1137",4,1,1,0
"GSE96769#SRR5354406","CMP","BM1077",7,2,2,1
"GSE96769#SRR5353409","HSC","BM1077",6,0,0,3
"GSE96769#SRR5354416","CMP","BM1077",6,2,2,1
"GSE96769#SRR5354402","CMP","BM1077",7,2,2,7
"GSE96769#SRR5354783","CMP","BM0828",8,2,2,7
"GSE96769#SRR5355898","GMP-A","BM1137",4,1,1,0
"GSE96769#SRR5354631","CMP","BM1214",7,0,0,2
"GSE96769#SRR5356147","GMP-C","BM1137",4,1,1,0
"GSE96769#SRR5355870","GMP-A","BM1137",4,1,1,0
"GSE96769#SRR5356106","GMP-C","BM1137",4,1,1,0
"GSE96769#SRR5353634","HSC","BM0106",6,0,0,2
"GSE96769#SRR5353522","HSC","BM0106",6,1,5,6
"GSE96769#SRR5353516","HSC","BM0106",6,0,0,3
"GSE96769#SRR5355708","pDC","BM1214",9,3,3,4
"GSE96769#SRR5354628","CMP","BM1214",4,1,1,7
"GSE96769#SRR5355246","MEP","BM0828",2,2,4,5
"GSE96769#SRR5356139","GMP-C","BM1137",9,3,3,4
"GSE96769#SRR5354481","CMP","BM1214",7,1,5,6
"GSE96769#SRR5355751","pDC","BM1214",9,3,3,4
"GSE96769#SRR5355229","MEP","BM0828",2,2,4,5
"GSE96769#SRR5355275","MEP","BM0828",2,2,4,5
"GSE96769#SRR5354313","CMP","BM1137",3,5,7,9
"GSE96769#SRR5353835","HSC","BM0828",8,0,0,2
"GSE96769#SRR5354387","CMP","BM1077",7,2,2,1
"GSE96769#SRR5355062","GMP","BM1214",4,1,5,7
"GSE96769#SRR5356007","GMP-B","BM1137",4,1,1,0
"GSE96769#SRR5355261","MEP","BM0828",2,2,2,1
"GSE96769#SRR5354287","CMP","BM1137",1,2,4,5
"GSE96769#SRR5355679","pDC","BM1214",9,3,3,4
"GSE96769#SRR5354429","CMP","BM1077",8,2,2,1
"GSE96769#SRR5356126","GMP-C","BM1137",4,1,1,0
"GSE96769#SRR5354008","MPP","BM0828",2,2,4,5
"GSE96769#SRR5355923","GMP-A","BM1137",4,1,1,0
"GSE96769#SRR5356041","GMP-B","BM1137",4,1,1,0
"GSE96769#SRR5355866","UNK","BM0106",4,1,1,6
"GSE96769#SRR5355836","UNK","BM0106",4,1,1,0
"GSE96769#SRR5354088","LMPP","BM0828",5,1,5,6
"GSE96769#SRR5355925","GMP-A","BM1137",4,1,1,0
"GSE96769#SRR5353593","HSC","BM0106",6,0,0,2
"GSE96769#SRR5355259","MEP","BM0828",2,2,4,5
"GSE96769#SRR5355791","UNK","BM0106",4,1,5,6
"GSE96769#SRR5355236","MEP","BM0828",2,2,4,5
"GSE96769#SRR5355657","pDC","BM1137",9,3,3,4
"GSE96769#SRR5355120","MEP","BM1077",1,2,4,5
"GSE96769#SRR5355882","GMP-A","BM1137",4,1,1,0
"GSE96769#SRR5353615","HSC","BM0106",6,0,0,2
"GSE96769#SRR5354513","CMP","BM1214",7,2,2,1
"GSE96769#SRR5355039","GMP","BM1214",4,1,1,0
"GSE96769#SRR5354081","LMPP","BM0828",5,1,5,6
"GSE96769#SRR5355671","pDC","BM1137",9,3,3,4
"GSE96769#SRR5355240","MEP","BM0828",2,2,4,5
"GSE96769#SRR5355947","GMP-A","BM1137",4,1,1,0
"GSE96769#SRR5354184","CMP","BM1077",7,2,2,7
"GSE96769#SRR5354909","GMP","BM1077",4,1,1,0
"GSE96769#SRR5354611","CMP","BM1137",7,2,2,1
"GSE96769#SRR5356055","GMP-B","BM1137",4,1,1,0
"GSE96769#SRR5355835","UNK","BM0106",4,1,1,0
"GSE96769#SRR5355068","GMP","BM1214",4,1,1,0
"GSE96769#SRR5353550","HSC","BM0106",6,0,0,2
"GSE96769#SRR5355511","CLP","BM0828",10,4,6,8
"GSE96769#SRR5354508","CMP","BM1214",7,2,2,1
"GSE96769#SRR5355017","GMP","BM1214",4,1,1,0
"GSE96769#SRR5355126","MEP","BM1077",1,2,4,5
"GSE96769#SRR5355999","GMP-B","BM1137",4,1,1,0
"GSE96769#SRR5354326","CMP","BM1137",3,5,7,9
"GSE96769#SRR5354330","CMP","BM1137",7,5,7,9
"GSE96769#SRR5354398","CMP","BM1077",2,2,4,5
"GSE96769#SRR5354307","CMP","BM1137",3,5,7,9
"GSE96769#SRR5355280","MEP","BM0828",2,2,4,5
"GSE96769#SRR5355231","MEP","BM0828",2,2,4,5
"GSE96769#SRR5354503","CMP","BM1214",6,0,0,2
"GSE96769#SRR5356132","GMP-C","BM1137",4,1,1,0
"GSE96769#SRR5355290","MEP","BM0828",2,2,4,5
"GSE96769#SRR5353498","HSC","BM0106",6,0,0,3
"GSE96769#SRR5355942","GMP-A","BM1137",4,1,1,0
"GSE96769#SRR5355500","CLP","BM0828",10,4,6,8
"GSE96769#SRR5353509","HSC","BM0106",6,0,0,2
"GSE96769#SRR5354140","LMPP","BM0828",5,1,5,6
"GSE96769#SRR5354285","CMP","BM1137",7,5,7,9
"GSE96769#SRR5356010","GMP-B","BM1137",4,1,1,0
"GSE96769#SRR5354571","CMP","BM1137",7,0,0,2
"GSE96769#SRR5355111","MEP","BM1077",1,2,4,5
"GSE96769#SRR5355223","MEP","BM0828",2,2,4,5
"GSE96769#SRR5355278","MEP","BM0828",2,2,4,5
"GSE96769#SRR5355499","CLP","BM0828",5,4,6,8
"GSE96769#SRR5355695","pDC","BM1214",9,3,3,4
"GSE96769#SRR5356064","GMP-C","BM1137",4,1,1,0
"GSE96769#SRR5355130","MEP","BM1077",1,2,4,5
"GSE96769#SRR5355018","GMP","BM1214",4,1,1,0
"GSE96769#SRR5354484","CMP","BM1214",6,0,0,2
"GSE96769#SRR5355985","GMP-B","BM1137",4,1,1,0
"GSE96769#SRR5355625","pDC","BM1137",9,3,3,4
"GSE96769#SRR5353982","MPP","BM0828",8,2,4,5
"GSE96769#SRR5356085","GMP-C","BM1137",4,1,1,0
"GSE96769#SRR5355822","UNK","BM0106",4,1,1,0
"GSE96769#SRR5354282","CMP","BM1137",7,2,2,1
"GSE96769#SRR5355746","pDC","BM1214",9,3,3,4
"GSE96769#SRR5355207","MEP","BM0828",2,2,4,5
"GSE96769#SRR5354433","CMP","BM1214",7,2,2,1
"GSE96769#SRR5354771","CMP","BM0828",8,2,2,1
"GSE96769#SRR5356013","GMP-B","BM1137",4,1,1,0
"GSE96769#SRR5356112","GMP-C","BM1137",4,1,1,0
"GSE96769#SRR5355119","MEP","BM1077",1,2,4,5
"GSE96769#SRR5353388","HSC","BM1077",6,0,0,2
"GSE96769#SRR5355784","UNK","BM0106",4,1,1,0
"GSE96769#SRR5355088","GMP","BM1214",4,1,1,0
"GSE96769#SRR5355844","UNK","BM0106",4,1,1,0
"GSE96769#SRR5354270","CMP","BM1137",4,5,7,9
"GSE96769#SRR5353974","MPP","BM0828",8,2,2,1
"GSE96769#SRR5355077","GMP","BM1214",4,1,1,0
"GSE96769#SRR5355152","MEP","BM1077",1,2,4,5
"GSE96769#SRR5355748","pDC","BM1214",9,3,3,4
"GSE96769#SRR5355578","CLP","BM0828",10,4,6,8
"GSE96769#SRR5354679","CMP","BM1214",7,2,2,1
"GSE96769#SRR5355589","pDC","BM1137",9,3,3,4
"GSE96769#SRR5355035","GMP","BM1214",4,1,5,6
"GSE96769#SRR5355197","MEP","BM0828",2,2,4,5
"GSE96769#SRR5355159","MEP","BM1077",1,2,4,5
"GSE96769#SRR5355776","UNK","BM0106",4,1,1,0
"GSE96769#SRR5354348","CMP","BM1077",4,1,1,7
"GSE96769#SRR5356048","GMP-B","BM1137",4,1,1,0
"GSE96769#SRR5354294","CMP","BM1137",7,2,2,1
"GSE96769#SRR5353528","HSC","BM0106",6,0,0,3
"GSE96769#SRR5353811","HSC","BM0828",8,0,0,2
"GSE96769#SRR5353640","HSC","BM0106",6,0,0,2
"GSE96769#SRR5354016","MPP","BM0828",8,2,2,7
"GSE96769#SRR5354722","CMP","BM0828",7,2,2,1
"GSE96769#SRR5355226","MEP","BM0828",2,2,4,5
"GSE96769#SRR5354135","LMPP","BM0828",5,1,5,6
"GSE96769#SRR5355040","GMP","BM1214",4,1,1,0
"GSE96769#SRR5354339","CMP","BM1077",7,0,0,2
"GSE96769#SRR5356145","GMP-C","BM1137",4,1,1,0
"GSE96769#SRR5354361","CMP","BM1077",7,2,2,7
"GSE96769#SRR5354265","CMP","BM1137",3,5,7,9
"GSE96769#SRR5354454","CMP","BM1214",7,2,2,1
"GSE96769#SRR5356023","GMP-B","BM1137",4,1,1,0
"GSE96769#SRR5356116","GMP-C","BM1137",4,1,1,0
"GSE96769#SRR5354105","LMPP","BM0828",5,1,5,6
"GSE96769#SRR5354346","CMP","BM1077",7,1,1,0
"GSE96769#SRR5355087","GMP","BM1214",4,1,1,0
"GSE96769#SRR5354133","LMPP","BM0828",5,1,5,6
"GSE96769#SRR5355764","pDC","BM1214",9,3,3,4
"GSE96769#SRR5354586","CMP","BM1137",7,2,2,1
"GSE96769#SRR5355880","GMP-A","BM1137",4,1,1,0
"GSE96769#SRR5353563","HSC","BM0106",6,0,0,3
"GSE96769#SRR5355639","pDC","BM1137",9,3,3,4
"GSE96769#SRR5354705","CMP","BM1214",6,0,0,7
"GSE96769#SRR5356119","GMP-C","BM1137",4,1,1,0
"GSE96769#SRR5354634","CMP","BM1214",7,0,0,2
"GSE96769#SRR5355769","pDC","BM1214",9,3,3,4
"GSE96769#SRR5354893","GMP","BM1077",4,1,1,0
"GSE96769#SRR5355284","MEP","BM0828",2,2,4,5
"GSE96769#SRR5355156","MEP","BM1077",1,2,4,5
"GSE96769#SRR5355201","MEP","BM0828",2,2,4,5
"GSE96769#SRR5356078","GMP-C","BM1137",5,1,1,0
"GSE96769#SRR5354053","LMPP","BM0828",5,1,5,6
"GSE96769#SRR5354278","CMP","BM1137",3,5,7,9
"GSE96769#SRR5355933","GMP-A","BM1137",4,1,1,0
"GSE96769#SRR5355011","GMP","BM1214",4,1,1,0
"GSE96769#SRR5356107","GMP-C","BM1137",4,1,1,0
"GSE96769#SRR5354337","CMP","BM1077",7,2,2,1
"GSE96769#SRR5355545","CLP","BM0828",10,4,6,8
"GSE96769#SRR5354371","CMP","BM1077",7,2,2,1
"GSE96769#SRR5353602","HSC","BM0106",6,0,0,2
"GSE96769#SRR5355750","pDC","BM1214",9,3,3,4
"GSE96769#SRR5354754","CMP","BM0828",7,2,2,1
"GSE96769#SRR5355009","GMP","BM1214",4,1,1,0
"GSE96769#SRR5353744","HSC","BM0828",8,0,0,2
"GSE96769#SRR5355575","CLP","BM0828",10,4,6,8
"GSE96769#SRR5355690","pDC","BM1214",9,3,3,4
"GSE96769#SRR5354126","LMPP","BM0828",5,1,5,6
"GSE96769#SRR5355706","pDC","BM1214",9,3,3,4
"GSE96769#SRR5355023","GMP","BM1214",4,1,1,0
"GSE96769#SRR5354807","CMP","BM0828",8,0,0,2
"GSE96769#SRR5353737","HSC","BM0828",8,0,0,2
"GSE96769#SRR5353564","HSC","BM0106",6,0,0,3
"GSE96769#SRR5355948","GMP-A","BM1137",4,1,1,0
"GSE96769#SRR5354098","LMPP","BM0828",5,1,5,6
"GSE96769#SRR5354442","CMP","BM1214",7,0,5,7
"GSE96769#SRR5354400","CMP","BM1077",7,1,1,7
"GSE96769#SRR5355044","GMP","BM1214",4,1,1,0
"GSE96769#SRR5355910","GMP-A","BM1137",4,1,1,0
"GSE96769#SRR5354284","CMP","BM1137",3,5,7,9
"GSE96769#SRR5354775","CMP","BM0828",8,2,2,7
"GSE96769#SRR5355497","CLP","BM0828",10,4,6,8
"GSE96769#SRR5355070","GMP","BM1214",4,1,1,0
"GSE96769#SRR5355702","pDC","BM1214",9,3,3,4
"GSE96769#SRR5355092","GMP","BM1214",9,3,3,4
"GSE96769#SRR5355050","GMP","BM1214",4,1,1,0
"GSE96769#SRR5354138","LMPP","BM0828",5,1,5,6
"GSE96769#SRR5355862","UNK","BM0106",4,1,1,0
"GSE96769#SRR5355842","UNK","BM0106",4,1,1,0
"GSE96769#SRR5354725","CMP","BM0828",8,2,2,1
"GSE96769#SRR5355867","UNK","BM0106",4,1,1,0
"GSE96769#SRR5353981","MPP","BM0828",8,0,0,2
"GSE96769#SRR5355235","MEP","BM0828",2,2,4,5
"GSE96769#SRR5355694","pDC","BM1214",9,3,3,4
"GSE96769#SRR5355160","MEP","BM1077",1,2,4,5
"GSE96769#SRR5354512","CMP","BM1214",7,2,2,1
"GSE96769#SRR5355514","CLP","BM0828",8,1,5,6
"GSE96769#SRR5355164","MEP","BM1077",1,2,4,5
"GSE96769#SRR5353696","HSC","BM0828",8,0,0,2
"GSE96769#SRR5354090","LMPP","BM0828",5,1,5,6
"GSE96769#SRR5353708","HSC","BM0828",8,0,0,2
"GSE96769#SRR5355491","CLP","BM0828",10,4,6,8
"GSE96769#SRR5353597","HSC","BM0106",6,0,0,2
"GSE96769#SRR5354118","LMPP","BM0828",5,1,5,6
"GSE96769#SRR5355691","pDC","BM1214",9,3,3,4
"GSE96769#SRR5355133","MEP","BM1077",1,2,4,5
"GSE96769#SRR5354017","MPP","BM0828",8,0,0,2
"GSE96769#SRR5355141","MEP","BM1077",1,2,4,5
"GSE96769#SRR5354750","CMP","BM0828",7,2,2,1
"GSE96769#SRR5354229","CMP","BM1077",7,2,2,1
"GSE96769#SRR5353874","MPP","BM1077",6,0,0,2
"GSE96769#SRR5355216","MEP","BM0828",2,2,4,5
"GSE96769#SRR5355767","pDC","BM1214",9,3,3,4
"GSE96769#SRR5355147","MEP","BM1077",1,2,4,5
"GSE96769#SRR5354136","LMPP","BM0828",5,1,5,6
"GSE96769#SRR5353417","HSC","BM1077",6,0,5,7
"GSE96769#SRR5353728","HSC","BM0828",8,0,0,2
"GSE96769#SRR5355146","MEP","BM1077",1,2,4,5
"GSE96769#SRR5355638","pDC","BM1137",9,3,3,4
"GSE96769#SRR5355878","GMP-A","BM1137",4,1,1,0
"GSE96769#SRR5353638","HSC","BM0106",6,0,0,2
"GSE96769#SRR5353422","HSC","BM1077",6,0,0,2
"GSE96769#SRR5355914","GMP-A","BM1137",4,1,1,0
"GSE96769#SRR5355798","UNK","BM0106",4,1,1,0
"GSE96769#SRR5354137","LMPP","BM0828",5,1,5,6
"GSE96769#SRR5355634","pDC","BM1137",9,3,3,4
"GSE96769#SRR5355945","GMP-A","BM1137",4,1,1,0
"GSE96769#SRR5354103","LMPP","BM0828",5,1,5,6
"GSE96769#SRR5354672","CMP","BM1214",7,2,2,1
"GSE96769#SRR5355710","pDC","BM1214",9,3,3,4
"GSE96769#SRR5356105","GMP-C","BM1137",4,1,1,0
"GSE96769#SRR5354369","CMP","BM1077",7,2,2,1
"GSE96769#SRR5355270","MEP","BM0828",2,2,4,5
"GSE96769#SRR5355662","pDC","BM1137",9,3,3,4
"GSE96769#SRR5355288","MEP","BM0828",2,2,4,5
"GSE96769#SRR5354487","CMP","BM1214",7,2,2,1
"GSE96769#SRR5354550","CMP","BM1137",7,2,2,7
"GSE96769#SRR5355814","UNK","BM0106",4,1,1,0
"GSE96769#SRR5355213","MEP","BM0828",2,2,4,5
"GSE96769#SRR5355956","GMP-A","BM1137",4,1,1,0
"GSE96769#SRR5356086","GMP-C","BM1137",4,1,1,0
"GSE96769#SRR5355782","UNK","BM0106",4,1,1,0
"GSE96769#SRR5354502","CMP","BM1214",7,2,2,1
"GSE96769#SRR5354295","CMP","BM1137",7,1,7,9
"GSE96769#SRR5355588","pDC","BM1137",9,3,3,4
"GSE96769#SRR5355806","UNK","BM0106",4,1,1,0
"GSE96769#SRR5354612","CMP","BM1137",7,0,0,2
"GSE96769#SRR5355268","MEP","BM0828",2,2,4,5
"GSE96769#SRR5353464","HSC","BM1077",6,1,5,6
"GSE96769#SRR5355955","GMP-A","BM1137",4,1,1,0
"GSE96769#SRR5355594","pDC","BM1137",9,3,3,4
"GSE96769#SRR5355688","pDC","BM1214",9,3,3,4
"GSE96769#SRR5353865","MPP","BM1077",6,0,0,2
"GSE96769#SRR5355615","pDC","BM1137",9,3,3,4
"GSE96769#SRR5354774","CMP","BM0828",7,2,2,1
"GSE96769#SRR5354414","CMP","BM1077",7,2,2,7
"GSE96769#SRR5354443","CMP","BM1214",6,0,0,3
"GSE96769#SRR5355110","MEP","BM1077",1,2,4,5
"GSE96769#SRR5356009","GMP-B","BM1137",4,1,1,0
"GSE96769#SRR5354374","CMP","BM1077",7,2,2,1
"GSE96769#SRR5354791","CMP","BM0828",8,2,2,1
"GSE96769#SRR5355072","GMP","BM1214",4,1,1,0
"GSE96769#SRR5355093","GMP","BM1214",4,1,1,0
"GSE96769#SRR5353656","HSC","BM0106",6,0,0,3
"GSE96769#SRR5354108","LMPP","BM0828",5,1,5,6
"GSE96769#SRR5356109","GMP-C","BM1137",4,1,1,0
"GSE96769#SRR5355800","UNK","BM0106",4,1,1,0
"GSE96769#SRR5354602","CMP","BM1137",7,2,2,1
"GSE96769#SRR5355815","UNK","BM0106",4,1,1,0
"GSE96769#SRR5353749","HSC","BM0828",8,0,0,2
"GSE96769#SRR5355809","UNK","BM0106",4,1,1,0
"GSE96769#SRR5354816","CMP","BM0828",8,2,2,1
"GSE96769#SRR5355930","GMP-A","BM1137",4,1,1,0
"GSE96769#SRR5355531","CLP","BM0828",8,4,6,8
"GSE96769#SRR5354528","CMP","BM1214",7,2,2,1
"GSE96769#SRR5354251","CMP","BM1137",6,0,0,2
"GSE96769#SRR5354075","LMPP","BM0828",5,1,5,6
"GSE96769#SRR5354292","CMP","BM1137",3,5,7,9
"GSE96769#SRR5354104","LMPP","BM0828",5,1,5,6
"GSE96769#SRR5355770","pDC","BM1214",9,3,3,4
"GSE96769#SRR5354124","LMPP","BM0828",5,1,5,6
"GSE96769#SRR5353704","HSC","BM0828",8,0,0,2
"GSE96769#SRR5355741","pDC","BM1214",9,3,3,4
"GSE96769#SRR5354485","CMP","BM1214",7,2,2,7
"GSE96769#SRR5353883","MPP","BM1077",6,2,5,7
"GSE96769#SRR5355501","CLP","BM0828",10,4,6,8
"GSE96769#SRR5356027","GMP-B","BM1137",4,1,1,0
"GSE96769#SRR5354280","CMP","BM1137",1,2,4,5
"GSE96769#SRR5355025","GMP","BM1214",4,1,1,0
"GSE96769#SRR5354745","CMP","BM0828",1,2,2,1
"GSE96769#SRR5355041","GMP","BM1214",4,1,1,0
"GSE96769#SRR5355495","CLP","BM0828",10,4,6,8
"GSE96769#SRR5354500","CMP","BM1214",7,2,2,7
"GSE96769#SRR5355303","MEP","BM4983",1,2,4,5
"GSE96769#SRR5354786","CMP","BM0828",8,2,2,1
"GSE96769#SRR5354684","CMP","BM1214",7,0,2,1
"GSE96769#SRR5353941","MPP","BM1077",6,0,0,3
"GSE96769#SRR5355953","GMP-A","BM1137",4,1,1,0
"GSE96769#SRR5354483","CMP","BM1214",7,2,2,1
"GSE96769#SRR5355937","GMP-A","BM1137",4,1,1,0
"GSE96769#SRR5353379","HSC","BM1077",6,0,0,3
"GSE96769#SRR5355726","pDC","BM1214",9,3,3,4
"GSE96769#SRR5354781","CMP","BM0828",7,2,2,1
"GSE96769#SRR5355579","CLP","BM0828",10,4,6,8
"GSE96769#SRR5355082","GMP","BM1214",4,1,1,0
"GSE96769#SRR5353804","HSC","BM0828",8,0,0,2
"GSE96769#SRR5355554","CLP","BM0828",10,4,6,8
"GSE96769#SRR5354113","LMPP","BM0828",5,1,5,6
"GSE96769#SRR5354250","CMP","BM1137",3,5,7,9
"GSE96769#SRR5354372","CMP","BM1077",6,0,0,2
"GSE96769#SRR5355874","GMP-A","BM1137",4,1,1,0
"GSE96769#SRR5354752","CMP","BM0828",8,0,0,2
"GSE96769#SRR5356140","GMP-C","BM1137",4,1,1,4
"GSE96769#SRR5353562","HSC","BM0106",6,0,0,2
"GSE96769#SRR5353986","MPP","BM0828",8,2,2,1
"GSE96769#SRR5355037","GMP","BM1214",4,1,1,0
"GSE96769#SRR5353449","HSC","BM1077",6,0,0,3
"GSE96769#SRR5354907","GMP","BM1077",4,1,1,0
"GSE96769#SRR5354445","CMP","BM1214",7,2,2,1
"GSE96769#SRR5354533","CMP","BM1137",1,2,2,1
"GSE96769#SRR5354130","LMPP","BM0828",5,1,5,6
"GSE96769#SRR5355819","UNK","BM0106",4,1,1,0
"GSE96769#SRR5355744","pDC","BM1214",9,3,3,4
"GSE96769#SRR5355563","CLP","BM0828",10,4,6,8
"GSE96769#SRR5353979","MPP","BM0828",8,0,0,2
"GSE96769#SRR5354464","CMP","BM1214",7,2,2,1
"GSE96769#SRR5355222","MEP","BM0828",2,2,4,5
"GSE96769#SRR5355264","MEP","BM0828",2,2,4,5
"GSE96769#SRR5355869","GMP-A","BM1137",4,1,1,0
"GSE96769#SRR5355366","MEP","BM4983",7,2,2,1
"GSE96769#SRR5355581","pDC","BM1137",9,3,3,4
"GSE96769#SRR5354315","CMP","BM1137",3,5,7,9
"GSE96769#SRR5353715","HSC","BM0828",8,0,0,2
"GSE96769#SRR5356033","GMP-B","BM1137",4,1,1,0
"GSE96769#SRR5354461","CMP","BM1214",7,2,2,1
"GSE96769#SRR5355861","UNK","BM0106",4,1,1,0
"GSE96769#SRR5355689","pDC","BM1214",9,3,3,4
"GSE96769#SRR5354306","CMP","BM1137",3,5,7,9
"GSE96769#SRR5355963","GMP-A","BM1137",4,1,5,6
"GSE96769#SRR5354746","CMP","BM0828",8,0,2,7
"GSE96769#SRR5354211","CMP","BM1077",6,0,0,2
"GSE96769#SRR5353517","HSC","BM0106",6,0,2,7
"GSE96769#SRR5353922","MPP","BM1077",6,0,0,2
"GSE96769#SRR5354814","CMP","BM0828",8,2,2,1
"GSE96769#SRR5355150","MEP","BM1077",1,2,4,5
"GSE96769#SRR5353812","HSC","BM0828",8,0,0,2
"GSE96769#SRR5355051","GMP","BM1214",4,1,1,0
"GSE96769#SRR5354480","CMP","BM1214",7,2,2,1
"GSE96769#SRR5355298","MEP","BM4983",1,2,4,5
"GSE96769#SRR5353418","HSC","BM1077",6,0,0,2
"GSE96769#SRR5354463","CMP","BM1214",7,2,2,7
"GSE96769#SRR5355498","CLP","BM0828",10,4,6,8
"GSE96769#SRR5354129","LMPP","BM0828",5,1,5,6
"GSE96769#SRR5355656","pDC","BM1137",9,3,3,4
"GSE96769#SRR5354052","LMPP","BM0828",5,1,5,6
"GSE96769#SRR5353434","HSC","BM1077",6,0,0,3
"GSE96769#SRR5353677","HSC","BM0828",8,0,0,2
"GSE96769#SRR5354868","GMP","BM1077",4,1,1,0
"GSE96769#SRR5354789","CMP","BM0828",8,2,5,6
"GSE96769#SRR5353623","HSC","BM0106",6,0,0,3
"GSE96769#SRR5355321","MEP","BM4983",1,2,2,1
"GSE96769#SRR5354253","CMP","BM1137",3,5,7,9
"GSE96769#SRR5355915","GMP-A","BM1137",4,1,1,0
"GSE96769#SRR5355756","pDC","BM1214",9,3,3,4
"GSE96769#SRR5355883","GMP-A","BM1137",4,1,1,0
"GSE96769#SRR5354089","LMPP","BM0828",5,1,5,6
"GSE96769#SRR5355140","MEP","BM1077",1,2,4,5
"GSE96769#SRR5356124","GMP-C","BM1137",4,1,1,0
"GSE96769#SRR5356093","GMP-C","BM1137",4,1,1,0
"GSE96769#SRR5354766","CMP","BM0828",8,0,0,2
"GSE96769#SRR5354273","CMP","BM1137",3,5,7,9
"GSE96769#SRR5353416","HSC","BM1077",6,0,0,2
"GSE96769#SRR5354517","CMP","BM1214",7,2,2,7
"GSE96769#SRR5354609","CMP","BM1137",7,0,0,7
"GSE96769#SRR5355548","CLP","BM0828",10,4,6,8
"GSE96769#SRR5354795","CMP","BM0828",8,2,2,7
"GSE96769#SRR5354027","MPP","BM0828",8,0,0,2
"GSE96769#SRR5354219","CMP","BM1077",7,2,2,1
"GSE96769#SRR5354304","CMP","BM1137",4,5,7,9
"GSE96769#SRR5355674","pDC","BM1137",9,3,3,4
"GSE96769#SRR5355034","GMP","BM1214",9,3,3,4
"GSE96769#SRR5353468","HSC","BM1077",6,0,0,2
"GSE96769#SRR5354452","CMP","BM1214",7,2,2,1
"GSE96769#SRR5354514","CMP","BM1214",6,0,0,2
"GSE96769#SRR5354167","CMP","BM1077",7,2,2,7
"GSE96769#SRR5354796","CMP","BM0828",7,2,2,1
"GSE96769#SRR5354058","LMPP","BM0828",5,1,5,6
"GSE96769#SRR5353937","MPP","BM1077",6,0,0,3
"GSE96769#SRR5355611","pDC","BM1137",9,3,3,4
"GSE96769#SRR5356150","GMP-C","BM1137",4,1,1,0
"GSE96769#SRR5354427","CMP","BM1077",7,2,2,7
"GSE96769#SRR5355909","GMP-A","BM1137",4,1,1,0
"GSE96769#SRR5353603","HSC","BM0106",6,0,0,3
"GSE96769#SRR5354020","MPP","BM0828",8,2,2,1
"GSE96769#SRR5353679","HSC","BM0828",8,0,0,2
"GSE96769#SRR5354495","CMP","BM1214",7,0,0,3
"GSE96769#SRR5355703","pDC","BM1214",9,3,3,4
"GSE96769#SRR5354842","GMP","BM1077",4,1,1,6
"GSE96769#SRR5354492","CMP","BM1214",7,2,2,1
"GSE96769#SRR5353703","HSC","BM0828",8,0,0,2
"GSE96769#SRR5353951","MPP","BM1077",6,0,0,2
"GSE96769#SRR5355510","CLP","BM0828",10,4,6,8
"GSE96769#SRR5354100","LMPP","BM0828",5,1,5,6
"GSE96769#SRR5354205","CMP","BM1077",6,0,5,6
"GSE96769#SRR5354128","LMPP","BM0828",5,1,5,6
"GSE96769#SRR5354738","CMP","BM0828",8,0,2,2
"GSE96769#SRR5355530","CLP","BM0828",10,4,6,8
"GSE96769#SRR5353972","MPP","BM0828",2,2,4,5
"GSE96769#SRR5355827","UNK","BM0106",4,1,1,0
"GSE96769#SRR5355904","GMP-A","BM1137",4,1,1,0
"GSE96769#SRR5355653","pDC","BM1137",9,3,3,4
"GSE96769#SRR5354262","CMP","BM1137",3,5,7,9
"GSE96769#SRR5353451","HSC","BM1077",6,0,0,2
"GSE96769#SRR5353538","HSC","BM0106",6,0,0,3
"GSE96769#SRR5354724","CMP","BM0828",7,2,2,1
"GSE96769#SRR5355282","MEP","BM0828",2,2,4,5
"GSE96769#SRR5355627","pDC","BM1137",9,3,3,4
"GSE96769#SRR5355013","GMP","BM1214",4,1,1,0
"GSE96769#SRR5355778","UNK","BM0106",4,1,1,0
"GSE96769#SRR5355537","CLP","BM0828",10,4,6,8
"GSE96769#SRR5354386","CMP","BM1077",7,2,2,1
"GSE96769#SRR5353559","HSC","BM0106",6,0,0,3
"GSE96769#SRR5354467","CMP","BM1214",7,1,2,7
"GSE96769#SRR5355911","GMP-A","BM1137",4,1,1,0
"GSE96769#SRR5354112","LMPP","BM0828",5,1,5,6
"GSE96769#SRR5354567","CMP","BM1137",7,2,2,1
"GSE96769#SRR5355313","MEP","BM4983",1,2,4,5
"GSE96769#SRR5354272","CMP","BM1137",3,5,7,9
"GSE96769#SRR5353660","HSC","BM0106",6,0,0,2
"GSE96769#SRR5355522","CLP","BM0828",10,4,6,8
"GSE96769#SRR5354316","CMP","BM1137",3,5,7,9
"GSE96769#SRR5353923","MPP","BM1077",6,0,0,3
"GSE96769#SRR5354094","LMPP","BM0828",5,1,5,6
"GSE96769#SRR5356039","GMP-B","BM1137",4,1,1,0
"GSE96769#SRR5353535","HSC","BM0106",6,0,0,3
"GSE96769#SRR5354082","LMPP","BM0828",5,1,5,6
"GSE96769#SRR5354559","CMP","BM1137",7,2,2,1
"GSE96769#SRR5354561","CMP","BM1137",6,0,0,3
"GSE96769#SRR5354162","CMP","BM1077",7,2,2,1
"GSE96769#SRR5355843","UNK","BM0106",4,1,1,0
"GSE96769#SRR5353751","HSC","BM0828",8,0,0,2
"GSE96769#SRR5354071","LMPP","BM0828",5,1,5,6
"GSE96769#SRR5354300","CMP","BM1137",1,2,2,1
"GSE96769#SRR5355027","GMP","BM1214",1,2,4,5
"GSE96769#SRR5355137","MEP","BM1077",8,2,2,1
"GSE96769#SRR5354520","CMP","BM1214",7,2,2,1
"GSE96769#SRR5355795","UNK","BM0106",4,1,1,0
"GSE96769#SRR5354588","CMP","BM1137",7,2,2,1
"GSE96769#SRR5355649","pDC","BM1137",9,3,3,4
"GSE96769#SRR5353377","HSC","BM1077",6,0,0,2
"GSE96769#SRR5353400","HSC","BM1077",6,0,0,2
"GSE96769#SRR5354264","CMP","BM1137",3,5,7,9
"GSE96769#SRR5355665","pDC","BM1137",9,3,3,4
"GSE96769#SRR5354119","LMPP","BM0828",5,1,5,6
"GSE96769#SRR5354003","MPP","BM0828",8,0,5,7
"GSE96769#SRR5355680","pDC","BM1214",9,3,3,4
"GSE96769#SRR5354389","CMP","BM1077",7,0,2,7
"GSE96769#SRR5355310","MEP","BM4983",1,2,4,5
"GSE96769#SRR5354809","CMP","BM0828",5,2,2,7
"GSE96769#SRR5355078","GMP","BM1214",4,1,1,0
"GSE96769#SRR5355833","UNK","BM0106",4,1,1,0
"GSE96769#SRR5353912","MPP","BM1077",6,0,0,3
"GSE96769#SRR5355012","GMP","BM1214",4,1,5,6
"GSE96769#SRR5354039","MPP","BM0828",8,2,4,5
"GSE96769#SRR5353684","HSC","BM0828",8,0,0,2
"GSE96769#SRR5353463","HSC","BM1077",6,0,0,3
"GSE96769#SRR5354806","CMP","BM0828",8,0,0,2
"GSE96769#SRR5353543","HSC","BM0106",6,0,0,3
"GSE96769#SRR5354183","CMP","BM1077",7,2,2,1
"GSE96769#SRR5356136","GMP-C","BM1137",4,1,5,6
"GSE96769#SRR5353989","MPP","BM0828",8,0,0,2
"GSE96769#SRR5355872","GMP-A","BM1137",4,1,1,0
"GSE96769#SRR5354494","CMP","BM1214",7,2,2,1
"GSE96769#SRR5353572","HSC","BM0106",6,0,0,2
"GSE96769#SRR5354902","GMP","BM1077",4,1,1,0
"GSE96769#SRR5354123","LMPP","BM0828",5,1,5,6
"GSE96769#SRR5355542","CLP","BM0828",5,4,6,8
"GSE96769#SRR5354597","CMP","BM1137",7,2,2,1
"GSE96769#SRR5355779","UNK","BM0106",4,1,1,0
"GSE96769#SRR5353628","HSC","BM0106",6,0,0,3
"GSE96769#SRR5354447","CMP","BM1214",7,2,2,7
"GSE96769#SRR5354692","CMP","BM1214",7,2,2,1
"GSE96769#SRR5355893","GMP-A","BM1137",4,1,1,0
"GSE96769#SRR5353842","HSC","BM0828",8,0,0,2
"GSE96769#SRR5354888","GMP","BM1077",4,1,1,0
"GSE96769#SRR5355714","pDC","BM1214",9,3,3,4
"GSE96769#SRR5353439","HSC","BM1077",6,0,0,3
"GSE96769#SRR5354686","CMP","BM1214",7,2,2,1
"GSE96769#SRR5355698","pDC","BM1214",9,3,3,4
"GSE96769#SRR5353756","HSC","BM0828",8,0,0,2
"GSE96769#SRR5354460","CMP","BM1214",7,2,2,1
"GSE96769#SRR5353692","HSC","BM0828",8,0,0,2
"GSE96769#SRR5355715","pDC","BM1214",9,3,3,4
"GSE96769#SRR5353706","HSC","BM0828",8,0,0,2
"GSE96769#SRR5355677","pDC","BM1214",9,3,3,4
"GSE96769#SRR5354258","CMP","BM1137",3,5,7,9
"GSE96769#SRR5354647","CMP","BM1214",7,0,0,2
"GSE96769#SRR5354800","CMP","BM0828",7,2,2,1
"GSE96769#SRR5355071","GMP","BM1214",4,1,5,6
"GSE96769#SRR5354698","CMP","BM1214",7,1,1,7
"GSE96769#SRR5354830","GMP","BM1077",5,1,5,6
"GSE96769#SRR5354199","CMP","BM1077",1,2,4,5
"GSE96769#SRR5355881","GMP-A","BM1137",4,1,1,0
"GSE96769#SRR5353694","HSC","BM0828",8,0,0,2
"GSE96769#SRR5354107","LMPP","BM0828",5,1,5,6
"GSE96769#SRR5354723","CMP","BM0828",5,0,0,2
"GSE96769#SRR5355700","pDC","BM1214",9,3,3,4
"GSE96769#SRR5353740","HSC","BM0828",5,1,5,6
"GSE96769#SRR5353701","HSC","BM0828",8,0,0,2
"GSE96769#SRR5355633","pDC","BM1137",9,3,3,4
"GSE96769#SRR5354035","MPP","BM0828",7,2,2,1
"GSE96769#SRR5354678","CMP","BM1214",7,2,2,1
"GSE96769#SRR5355315","MEP","BM4983",1,2,4,5
"GSE96769#SRR5355185","MEP","BM1077",1,2,4,5
"GSE96769#SRR5354777","CMP","BM0828",8,2,2,1
"GSE96769#SRR5354236","CMP","BM1077",7,2,2,1
"GSE96769#SRR5355929","GMP-A","BM1137",4,1,1,0
"GSE96769#SRR5354267","CMP","BM1137",3,5,7,9
"GSE96769#SRR5354660","CMP","BM1214",7,2,2,1
"GSE96769#SRR5355480","CLP","BM1077",10,4,6,8
"GSE96769#SRR5354769","CMP","BM0828",8,2,2,1
"GSE96769#SRR5353732","HSC","BM0828",8,0,0,2
"GSE96769#SRR5355014","GMP","BM1214",4,1,1,0
"GSE96769#SRR5354342","CMP","BM1077",7,2,2,1
"GSE96769#SRR5355322","MEP","BM4983",1,2,4,5
"GSE96769#SRR5355801","UNK","BM0106",4,1,1,0
"GSE96769#SRR5353716","HSC","BM0828",8,0,0,2
"GSE96769#SRR5354171","CMP","BM1077",4,1,1,0
"GSE96769#SRR5354710","CMP","BM1214",4,1,2,7
"GSE96769#SRR5353891","MPP","BM1077",6,0,0,3
"GSE96769#SRR5354099","LMPP","BM0828",4,1,1,0
"GSE96769#SRR5354756","CMP","BM0828",8,2,2,1
"GSE96769#SRR5355734","pDC","BM1214",9,3,3,4
"GSE96769#SRR5353442","HSC","BM1077",6,0,0,3
"GSE96769#SRR5353432","HSC","BM1077",6,0,0,2
"GSE96769#SRR5354033","MPP","BM0828",8,5,7,9
"GSE96769#SRR5354486","CMP","BM1214",7,2,2,1
"GSE96769#SRR5354793","CMP","BM0828",8,2,2,7
"GSE96769#SRR5354169","CMP","BM1077",7,2,2,1
"GSE96769#SRR5354006","MPP","BM0828",7,2,2,1
"GSE96769#SRR5355749","pDC","BM1214",9,3,3,4
"GSE96769#SRR5355847","UNK","BM0106",4,1,1,0
"GSE96769#SRR5353977","MPP","BM0828",7,2,2,1
"GSE96769#SRR5354837","GMP","BM1077",4,1,1,0
"GSE96769#SRR5355811","UNK","BM0106",4,1,1,0
"GSE96769#SRR5354625","CMP","BM1214",7,2,2,1
"GSE96769#SRR5354803","CMP","BM0828",8,0,2,2
"GSE96769#SRR5355644","pDC","BM1137",9,3,3,4
"GSE96769#SRR5353440","HSC","BM1077",6,0,0,3
"GSE96769#SRR5356067","GMP-C","BM1137",4,1,1,0
"GSE96769#SRR5353995","MPP","BM0828",8,2,2,1
"GSE96769#SRR5354312","CMP","BM1137",3,5,7,9
"GSE96769#SRR5355520","CLP","BM0828",10,4,6,8
"GSE96769#SRR5354018","MPP","BM0828",8,0,0,2
"GSE96769#SRR5354310","CMP","BM1137",7,5,7,9
"GSE96769#SRR5355054","GMP","BM1214",4,1,1,0
"GSE96769#SRR5354382","CMP","BM1077",7,2,2,7
"GSE96769#SRR5354615","CMP","BM1137",7,0,0,2
"GSE96769#SRR5355860","UNK","BM0106",4,1,1,0
"GSE96769#SRR5355020","GMP","BM1214",5,1,1,0
"GSE96769#SRR5355107","MEP","BM1077",1,2,4,5
"GSE96769#SRR5354230","CMP","BM1077",7,2,2,1
"GSE96769#SRR5353965","MPP","BM0828",8,5,7,9
"GSE96769#SRR5353655","HSC","BM0106",6,0,0,3
"GSE96769#SRR5354488","CMP","BM1214",7,2,2,1
"GSE96769#SRR5353497","HSC","BM0106",6,0,0,3
"GSE96769#SRR5355487","CLP","BM0828",10,4,6,8
"GSE96769#SRR5355712","pDC","BM1214",9,3,3,4
"GSE96769#SRR5354291","CMP","BM1137",7,2,2,1
"GSE96769#SRR5354436","CMP","BM1214",7,2,2,1
"GSE96769#SRR5353566","HSC","BM0106",6,0,0,2
"GSE96769#SRR5355619","pDC","BM1137",9,3,3,4
"GSE96769#SRR5355252","MEP","BM0828",2,2,4,5
"GSE96769#SRR5354305","CMP","BM1137",7,2,2,1
"GSE96769#SRR5353642","HSC","BM0106",6,0,0,2
"GSE96769#SRR5354757","CMP","BM0828",7,2,2,1
"GSE96769#SRR5353963","MPP","BM0828",8,2,2,7
"GSE96769#SRR5354186","CMP","BM1077",7,2,2,1
"GSE96769#SRR5354030","MPP","BM0828",2,2,4,5
"GSE96769#SRR5355681","pDC","BM1214",9,3,3,4
"GSE96769#SRR5355214","MEP","BM0828",2,2,4,5
"GSE96769#SRR5355803","UNK","BM0106",4,1,1,0
"GSE96769#SRR5354919","GMP","BM0828",4,1,5,6
"GSE96769#SRR5354213","CMP","BM1077",7,2,2,1
"GSE96769#SRR5354045","MPP","BM0828",8,0,0,2
"GSE96769#SRR5353453","HSC","BM1077",6,0,0,2
"GSE96769#SRR5354066","LMPP","BM0828",5,1,5,6
"GSE96769#SRR5353454","HSC","BM1077",6,0,0,3
"GSE96769#SRR5354656","CMP","BM1214",7,1,1,7
"GSE96769#SRR5354248","CMP","BM1137",3,5,7,9
"GSE96769#SRR5354826","GMP","BM1077",4,1,5,6
"GSE96769#SRR5354172","CMP","BM1077",7,2,2,1
"GSE96769#SRR5353620","HSC","BM0106",6,0,0,3
"GSE96769#SRR5355074","GMP","BM1214",5,1,5,6
"GSE96769#SRR5354290","CMP","BM1137",7,2,2,1
"GSE96769#SRR5353959","MPP","BM0828",5,2,2,7
"GSE96769#SRR5355614","pDC","BM1137",9,3,3,4
"GSE96769#SRR5355154","MEP","BM1077",1,2,4,5
"GSE96769#SRR5355832","UNK","BM0106",4,1,1,0
"GSE96769#SRR5353525","HSC","BM0106",6,0,0,7
"GSE96769#SRR5354677","CMP","BM1214",7,2,2,1
"GSE96769#SRR5355768","pDC","BM1214",9,3,3,4
"GSE96769#SRR5353917","MPP","BM1077",6,0,0,2
"GSE96769#SRR5356155","GMP-C","BM1137",4,1,1,0
"GSE96769#SRR5355149","MEP","BM1077",1,2,4,5
"GSE96769#SRR5355327","MEP","BM4983",1,2,4,5
"GSE96769#SRR5353557","HSC","BM0106",6,0,0,3
"GSE96769#SRR5353425","HSC","BM1077",6,0,0,3
"GSE96769#SRR5356025","GMP-B","BM1137",4,1,1,0
"GSE96769#SRR5354853","GMP","BM1077",4,1,1,0
"GSE96769#SRR5355058","GMP","BM1214",4,1,1,0
"GSE96769#SRR5354555","CMP","BM1137",6,0,0,2
"GSE96769#SRR5354064","LMPP","BM0828",5,1,5,6
"GSE96769#SRR5354174","CMP","BM1077",7,2,2,1
"GSE96769#SRR5353747","HSC","BM0828",8,0,0,2
"GSE96769#SRR5353962","MPP","BM0828",8,2,2,7
"GSE96769#SRR5354451","CMP","BM1214",7,2,2,1
"GSE96769#SRR5355131","MEP","BM1077",1,2,4,5
"GSE96769#SRR5353385","HSC","BM1077",6,0,0,2
"GSE96769#SRR5354646","CMP","BM1214",5,2,2,7
"GSE96769#SRR5354551","CMP","BM1137",7,2,2,1
"GSE96769#SRR5354299","CMP","BM1137",3,2,7,9
"GSE96769#SRR5353423","HSC","BM1077",6,0,0,3
"GSE96769#SRR5355066","GMP","BM1214",4,1,1,0
"GSE96769#SRR5355329","MEP","BM4983",1,2,4,5
"GSE96769#SRR5355083","GMP","BM1214",4,1,1,0
"GSE96769#SRR5354235","CMP","BM1077",7,2,2,1
"GSE96769#SRR5355602","pDC","BM1137",9,3,3,4
"GSE96769#SRR5353702","HSC","BM0828",8,0,0,2
"GSE96769#SRR5354529","CMP","BM1137",7,0,0,3
"GSE96769#SRR5354323","CMP","BM1137",7,2,2,1
"GSE96769#SRR5354667","CMP","BM1214",8,2,2,1
"GSE96769#SRR5353971","MPP","BM0828",8,0,2,7
"GSE96769#SRR5354568","CMP","BM1137",7,2,2,1
"GSE96769#SRR5355745","pDC","BM1214",9,3,3,4
"GSE96769#SRR5354271","CMP","BM1137",3,5,7,9
"GSE96769#SRR5353956","MPP","BM0828",8,0,0,2
"GSE96769#SRR5353526","HSC","BM0106",6,0,0,3
"GSE96769#SRR5353512","HSC","BM0106",6,0,0,3
"GSE96769#SRR5353961","MPP","BM0828",8,2,2,7
"GSE96769#SRR5353713","HSC","BM0828",8,0,0,3
"GSE96769#SRR5354056","LMPP","BM0828",5,1,5,6
"GSE96769#SRR5353639","HSC","BM0106",6,0,0,3
"GSE96769#SRR5354076","LMPP","BM0828",5,1,5,6
"GSE96769#SRR5355895","GMP-A","BM1137",4,1,1,0
"GSE96769#SRR5355979","GMP-B","BM1137",4,1,1,0
"GSE96769#SRR5354459","CMP","BM1214",7,2,2,1
"GSE96769#SRR5354318","CMP","BM1137",3,5,7,9
"GSE96769#SRR5354341","CMP","BM1077",7,2,2,1
"GSE96769#SRR5353570","HSC","BM0106",6,2,2,7
"GSE96769#SRR5353831","HSC","BM0828",8,0,0,2
"GSE96769#SRR5353386","HSC","BM1077",6,0,0,3
"GSE96769#SRR5355658","pDC","BM1137",9,3,3,4
"GSE96769#SRR5355377","MEP","BM4983",1,2,4,5
"GSE96769#SRR5353430","HSC","BM1077",6,0,0,2
"GSE96769#SRR5355116","MEP","BM1077",1,2,4,5
"GSE96769#SRR5353481","HSC","BM0106",6,0,0,3
"GSE96769#SRR5355813","UNK","BM0106",4,1,1,0
"GSE96769#SRR5353480","HSC","BM0106",6,0,0,2
"GSE96769#SRR5355678","pDC","BM1214",9,3,3,4
"GSE96769#SRR5355596","pDC","BM1137",9,3,3,4
"GSE96769#SRR5355262","MEP","BM0828",2,2,4,5
"GSE96769#SRR5355052","GMP","BM1214",4,1,1,0
"GSE96769#SRR5355103","GMP","BM1214",4,1,1,0
"GSE96769#SRR5355812","UNK","BM0106",4,1,1,0
"GSE96769#SRR5353934","MPP","BM1077",6,0,0,3
"GSE96769#SRR5353845","HSC","BM0828",8,0,0,2
"GSE96769#SRR5353746","HSC","BM0828",8,0,0,2
"GSE96769#SRR5356103","GMP-C","BM1137",9,3,3,4
"GSE96769#SRR5353457","HSC","BM1077",6,0,0,3
"GSE96769#SRR5354187","CMP","BM1077",6,0,0,2
"GSE96769#SRR5355336","MEP","BM4983",1,2,4,5
"GSE96769#SRR5354838","GMP","BM1077",4,1,1,0
"GSE96769#SRR5353836","HSC","BM0828",8,0,0,2
"GSE96769#SRR5353608","HSC","BM0106",6,0,0,3
"GSE96769#SRR5353396","HSC","BM1077",6,0,0,3
"GSE96769#SRR5354841","GMP","BM1077",5,1,5,6
"GSE96769#SRR5354010","MPP","BM0828",8,0,0,2
"GSE96769#SRR5356138","GMP-C","BM1137",4,1,1,0
"GSE96769#SRR5355736","pDC","BM1214",9,3,3,4
"GSE96769#SRR5353574","HSC","BM0106",6,0,0,2
"GSE96769#SRR5355561","CLP","BM0828",10,4,6,8
"GSE96769#SRR5354675","CMP","BM1214",7,2,2,1
"GSE96769#SRR5355379","MEP","BM4983",2,2,4,5
"GSE96769#SRR5354890","GMP","BM1077",4,1,1,0
"GSE96769#SRR5354788","CMP","BM0828",8,2,2,1
"GSE96769#SRR5354790","CMP","BM0828",8,0,2,7
"GSE96769#SRR5355547","CLP","BM0828",10,4,6,8
"GSE96769#SRR5355713","pDC","BM1214",9,3,3,4
"GSE96769#SRR5354532","CMP","BM1137",7,1,1,0
"GSE96769#SRR5354430","CMP","BM1077",7,0,0,2
"GSE96769#SRR5353465","HSC","BM1077",6,0,2,7
"GSE96769#SRR5353727","HSC","BM0828",8,0,2,7
"GSE96769#SRR5354758","CMP","BM0828",8,2,2,1
"GSE96769#SRR5353473","HSC","BM0106",6,0,0,3
"GSE96769#SRR5353631","HSC","BM0106",6,0,0,3
"GSE96769#SRR5354266","CMP","BM1137",3,5,7,9
"GSE96769#SRR5354179","CMP","BM1077",7,2,2,1
"GSE96769#SRR5355065","GMP","BM1214",4,1,1,0
"GSE96769#SRR5354861","GMP","BM1077",7,1,1,0
"GSE96769#SRR5353389","HSC","BM1077",6,0,0,3
"GSE96769#SRR5354767","CMP","BM0828",8,2,2,1
"GSE96769#SRR5353475","HSC","BM0106",6,0,0,2
"GSE96769#SRR5354160","CMP","BM1077",7,2,2,1
"GSE96769#SRR5353619","HSC","BM0106",6,0,0,3
"GSE96769#SRR5354860","GMP","BM1077",4,1,1,0
"GSE96769#SRR5354350","CMP","BM1077",7,2,2,1
"GSE96769#SRR5355603","pDC","BM1137",9,3,3,4
"GSE96769#SRR5353579","HSC","BM0106",6,0,0,3
"GSE96769#SRR5354302","CMP","BM1137",3,5,7,9
"GSE96769#SRR5354153","CMP","BM1077",7,2,2,7
"GSE96769#SRR5354855","GMP","BM1077",4,1,1,0
"GSE96769#SRR5354792","CMP","BM0828",8,0,0,2
"GSE96769#SRR5354604","CMP","BM1137",7,0,0,2
"GSE96769#SRR5353529","HSC","BM0106",6,0,0,2
"GSE96769#SRR5355699","pDC","BM1214",9,3,3,4
"GSE96769#SRR5353689","HSC","BM0828",8,0,0,2
"GSE96769#SRR5353560","HSC","BM0106",6,0,0,3
"GSE96769#SRR5354703","CMP","BM1214",7,2,4,5
"GSE96769#SRR5354708","CMP","BM1214",7,1,1,7
"GSE96769#SRR5353723","HSC","BM0828",8,0,0,2
"GSE96769#SRR5354762","CMP","BM0828",8,2,2,7
"GSE96769#SRR5353403","HSC","BM1077",6,0,0,3
"GSE96769#SRR5353988","MPP","BM0828",2,2,4,5
"GSE96769#SRR5354873","GMP","BM1077",4,1,1,0
"GSE96769#SRR5354093","LMPP","BM0828",5,1,5,6
"GSE96769#SRR5354203","CMP","BM1077",7,2,2,1
"GSE96769#SRR5353408","HSC","BM1077",6,0,0,3
"GSE96769#SRR5354218","CMP","BM1077",7,0,0,7
"GSE96769#SRR5355891","GMP-A","BM1137",4,1,1,0
"GSE96769#SRR5354023","MPP","BM0828",8,0,0,2
"GSE96769#SRR5353531","HSC","BM0106",6,0,0,3
"GSE96769#SRR5355824","UNK","BM0106",4,1,1,0
"GSE96769#SRR5353601","HSC","BM0106",6,0,0,2
"GSE96769#SRR5353926","MPP","BM1077",6,0,0,3
"GSE96769#SRR5354537","CMP","BM1137",8,1,1,0
"GSE96769#SRR5353392","HSC","BM1077",6,0,0,3
"GSE96769#SRR5355873","GMP-A","BM1137",4,1,1,0
"GSE96769#SRR5354764","CMP","BM0828",8,2,2,7
"GSE96769#SRR5355938","GMP-A","BM1137",4,1,1,0
"GSE96769#SRR5354651","CMP","BM1214",8,2,2,7
"GSE96769#SRR5353419","HSC","BM1077",6,0,0,3
"GSE96769#SRR5354159","CMP","BM1077",7,2,2,1
"GSE96769#SRR5353814","HSC","BM0828",8,0,0,2
"GSE96769#SRR5355912","GMP-A","BM1137",4,1,1,0
"GSE96769#SRR5354554","CMP","BM1137",2,2,4,5
"GSE96769#SRR5354908","GMP","BM1077",5,1,5,6
"GSE96769#SRR5355740","pDC","BM1214",9,3,3,4
"GSE96769#SRR5355693","pDC","BM1214",9,3,3,4
"GSE96769#SRR5354772","CMP","BM0828",7,2,2,1
"GSE96769#SRR5355049","GMP","BM1214",4,1,1,0
"GSE96769#SRR5353911","MPP","BM1077",6,0,0,3
"GSE96769#SRR5355053","GMP","BM1214",4,1,1,0
"GSE96769#SRR5354391","CMP","BM1077",7,2,2,7
"GSE96769#SRR5354353","CMP","BM1077",7,2,2,7
"GSE96769#SRR5356065","GMP-C","BM1137",4,1,1,0
"GSE96769#SRR5353398","HSC","BM1077",6,0,0,2
"GSE96769#SRR5356071","GMP-C","BM1137",4,1,1,0
"GSE96769#SRR5353447","HSC","BM1077",6,0,0,3
"GSE96769#SRR5355019","GMP","BM1214",4,1,1,0
"GSE96769#SRR5355787","UNK","BM0106",4,1,1,0
"GSE96769#SRR5353502","HSC","BM0106",6,0,0,3
"GSE96769#SRR5354885","GMP","BM1077",4,1,1,0
"GSE96769#SRR5355076","GMP","BM1214",4,1,1,0
"GSE96769#SRR5354899","GMP","BM1077",5,1,5,6
"GSE96769#SRR5354085","LMPP","BM0828",5,1,5,6
"GSE96769#SRR5356063","GMP-C","BM1137",4,1,1,0
"GSE96769#SRR5354078","LMPP","BM0828",5,1,5,6
"GSE96769#SRR5353687","HSC","BM0828",8,0,0,2
"GSE96769#SRR5354435","CMP","BM1214",7,2,2,1
"GSE96769#SRR5354877","GMP","BM1077",5,1,5,6
"GSE96769#SRR5353605","HSC","BM0106",6,0,0,3
"GSE96769#SRR5354784","CMP","BM0828",8,2,2,1
"GSE96769#SRR5356049","GMP-B","BM1137",4,1,1,0
"GSE96769#SRR5355785","UNK","BM0106",4,1,1,0
"GSE96769#SRR5355804","UNK","BM0106",4,1,1,0
"GSE96769#SRR5354856","GMP","BM1077",4,1,1,0
"GSE96769#SRR5354031","MPP","BM0828",8,2,2,1
"GSE96769#SRR5354536","CMP","BM1137",4,1,5,7
"GSE96769#SRR5355061","GMP","BM1214",4,1,1,0
"GSE96769#SRR5353511","HSC","BM0106",6,0,0,3
"GSE96769#SRR5354242","CMP","BM1137",3,5,7,9
"GSE96769#SRR5353720","HSC","BM0828",8,0,0,2
"GSE96769#SRR5354475","CMP","BM1214",7,0,0,2
"GSE96769#SRR5354176","CMP","BM1077",7,1,1,0
"GSE96769#SRR5355312","MEP","BM4983",1,2,4,5
"GSE96769#SRR5355241","MEP","BM0828",2,2,4,5
"GSE96769#SRR5354465","CMP","BM1214",7,2,2,1
"GSE96769#SRR5353975","MPP","BM0828",8,2,2,1
"GSE96769#SRR5353955","MPP","BM0828",8,0,0,2
"GSE96769#SRR5354216","CMP","BM1077",7,0,0,2
"GSE96769#SRR5355056","GMP","BM1214",4,1,1,0
"GSE96769#SRR5354196","CMP","BM1077",7,0,0,7
"GSE96769#SRR5354084","LMPP","BM0828",5,1,5,6
"GSE96769#SRR5355486","CLP","BM0828",10,4,6,8
"GSE96769#SRR5353827","HSC","BM0828",8,0,0,7
"GSE96769#SRR5353524","HSC","BM0106",6,0,0,2
"GSE96769#SRR5355265","MEP","BM0828",2,2,4,5
"GSE96769#SRR5355029","GMP","BM1214",4,1,1,0
"GSE96769#SRR5354847","GMP","BM1077",4,1,1,0
"GSE96769#SRR5354770","CMP","BM0828",8,2,2,1
"GSE96769#SRR5354072","LMPP","BM0828",5,1,5,6
"GSE96769#SRR5355204","MEP","BM0828",2,2,4,5
"GSE96769#SRR5354239","CMP","BM1077",6,0,0,3
"GSE96769#SRR5354748","CMP","BM0828",5,0,0,2
"GSE96769#SRR5355863","UNK","BM0106",4,1,1,0
"GSE96769#SRR5356029","GMP-B","BM1137",4,1,1,0
"GSE96769#SRR5353992","MPP","BM0828",8,0,0,2
"GSE96769#SRR5353730","HSC","BM0828",8,0,0,2
"GSE96769#SRR5355707","pDC","BM1214",9,3,3,4
"GSE96769#SRR5356036","GMP-B","BM1137",4,1,1,0
"GSE96769#SRR5354763","CMP","BM0828",8,2,2,7
"GSE96769#SRR5355789","UNK","BM0106",4,1,1,0
"GSE96769#SRR5353893","MPP","BM1077",6,0,0,3
"GSE96769#SRR5353466","HSC","BM1077",6,0,0,2
"GSE96769#SRR5353705","HSC","BM0828",8,2,2,7
"GSE96769#SRR5354804","CMP","BM0828",8,0,0,2
"GSE96769#SRR5354889","GMP","BM1077",4,1,1,0
"GSE96769#SRR5355617","pDC","BM1137",9,3,3,4
"GSE96769#SRR5355593","pDC","BM1137",9,3,3,4
"GSE96769#SRR5354034","MPP","BM0828",8,0,0,2
"GSE96769#SRR5354638","CMP","BM1214",7,2,2,1
"GSE96769#SRR5356043","GMP-B","BM1137",4,1,1,0
"GSE96769#SRR5354175","CMP","BM1077",7,2,2,1
"GSE96769#SRR5353924","MPP","BM1077",6,0,0,2
"GSE96769#SRR5353843","HSC","BM0828",8,0,0,2
"GSE96769#SRR5355286","MEP","BM0828",2,2,4,5
"GSE96769#SRR5354562","CMP","BM1137",7,2,2,1
"GSE96769#SRR5356050","GMP-B","BM1137",4,1,1,0
"GSE96769#SRR5354220","CMP","BM1077",7,0,0,2
"GSE96769#SRR5354331","CMP","BM1137",3,5,7,9
"GSE96769#SRR5353668","HSC","BM0828",8,0,0,2
"GSE96769#SRR5354079","LMPP","BM0828",4,1,5,6
"GSE96769#SRR5356104","GMP-C","BM1137",4,1,1,0
"GSE96769#SRR5354863","GMP","BM1077",5,1,5,6
"GSE96769#SRR5354246","CMP","BM1137",3,5,7,9
"GSE96769#SRR5354202","CMP","BM1077",7,2,2,1
"GSE96769#SRR5353984","MPP","BM0828",8,0,0,2
"GSE96769#SRR5353519","HSC","BM0106",6,0,0,3
"GSE96769#SRR5354001","MPP","BM0828",8,0,0,2
"GSE96769#SRR5354574","CMP","BM1137",7,2,2,7
"GSE96769#SRR5354334","CMP","BM1137",1,2,4,5
"GSE96769#SRR5354759","CMP","BM0828",8,2,2,1
"GSE96769#SRR5354025","MPP","BM0828",8,0,0,2
"GSE96769#SRR5355818","UNK","BM0106",4,1,1,0
"GSE96769#SRR5353437","HSC","BM1077",6,0,0,2
"GSE96769#SRR5353644","HSC","BM0106",6,0,0,2
"GSE96769#SRR5353382","HSC","BM1077",6,0,0,3
"GSE96769#SRR5353829","HSC","BM0828",8,0,0,2
"GSE96769#SRR5354543","CMP","BM1137",7,1,1,7
"GSE96769#SRR5355605","pDC","BM1137",9,3,3,4
"GSE96769#SRR5355792","UNK","BM0106",4,1,1,0
"GSE96769#SRR5353780","HSC","BM0828",8,0,0,2
"GSE96769#SRR5353484","HSC","BM0106",6,0,0,3
"GSE96769#SRR5354221","CMP","BM1077",7,2,2,1
"GSE96769#SRR5353435","HSC","BM1077",6,0,0,3
"GSE96769#SRR5355573","CLP","BM0828",10,4,6,8
"GSE96769#SRR5354780","CMP","BM0828",8,2,2,7
"GSE96769#SRR5354779","CMP","BM0828",7,2,2,1
"GSE96769#SRR5353499","HSC","BM0106",6,0,0,3
"GSE96769#SRR5353636","HSC","BM0106",6,0,0,3
"GSE96769#SRR5355668","pDC","BM1137",9,3,3,4
"GSE96769#SRR5355521","CLP","BM0828",10,4,6,8
"GSE96769#SRR5355899","GMP-A","BM1137",4,1,1,0
"GSE96769#SRR5354848","GMP","BM1077",4,1,1,0
"GSE96769#SRR5353667","HSC","BM0828",8,0,0,2
"GSE96769#SRR5354799","CMP","BM0828",8,0,0,2
"GSE96769#SRR5354875","GMP","BM1077",4,1,1,0
"GSE96769#SRR5354269","CMP","BM1137",3,2,2,9
"GSE96769#SRR5353622","HSC","BM0106",8,2,2,7
"GSE96769#SRR5353898","MPP","BM1077",6,0,0,3
"GSE96769#SRR5353390","HSC","BM1077",6,0,0,2
"GSE96769#SRR5354021","MPP","BM0828",8,2,2,1
"GSE96769#SRR5354011","MPP","BM0828",8,0,0,2
"GSE96769#SRR5354121","LMPP","BM0828",5,1,5,6
"GSE96769#SRR5354222","CMP","BM1077",7,2,2,1
"GSE96769#SRR5353527","HSC","BM0106",6,0,0,3
"GSE96769#SRR5353932","MPP","BM1077",6,0,0,3
"GSE96769#SRR5354037","MPP","BM0828",8,0,0,2
"GSE96769#SRR5354227","CMP","BM1077",6,0,0,3
"GSE96769#SRR5354181","CMP","BM1077",7,2,2,1
"GSE96769#SRR5355036","GMP","BM1214",4,1,1,0
"GSE96769#SRR5354825","GMP","BM1077",4,1,1,0
"GSE96769#SRR5355997","GMP-B","BM1137",4,1,1,0
"GSE96769#SRR5354726","CMP","BM0828",8,0,0,2
"GSE96769#SRR5355808","UNK","BM0106",4,1,1,0
"GSE96769#SRR5354900","GMP","BM1077",4,1,1,0
"GSE96769#SRR5353507","HSC","BM0106",6,0,0,3
"GSE96769#SRR5354095","LMPP","BM0828",5,1,5,6
"GSE96769#SRR5354158","CMP","BM1077",7,0,0,2
"GSE96769#SRR5354149","CMP","BM1077",7,1,1,0
"GSE96769#SRR5355723","pDC","BM1214",9,3,3,4
"GSE96769#SRR5354281","CMP","BM1137",7,5,7,9
"GSE96769#SRR5354735","CMP","BM0828",8,2,2,7
"GSE96769#SRR5353983","MPP","BM0828",8,0,0,2
"GSE96769#SRR5356083","GMP-C","BM1137",9,1,1,4
"GSE96769#SRR5353714","HSC","BM0828",8,0,2,2
"GSE96769#SRR5355105","MEP","BM1077",1,2,4,5
"GSE96769#SRR5354132","LMPP","BM0828",5,0,0,2
"GSE96769#SRR5356070","GMP-C","BM1137",4,1,5,6
"GSE96769#SRR5353826","HSC","BM0828",8,0,0,2
"GSE96769#SRR5354044","MPP","BM0828",8,0,0,2
"GSE96769#SRR5353807","HSC","BM0828",8,0,0,3
"GSE96769#SRR5354252","CMP","BM1137",3,5,7,9
"GSE96769#SRR5353424","HSC","BM1077",6,0,0,2
"GSE96769#SRR5354595","CMP","BM1137",7,2,2,1
"GSE96769#SRR5354054","LMPP","BM0828",4,1,1,0
"GSE96769#SRR5354032","MPP","BM0828",8,0,0,2
"GSE96769#SRR5355951","GMP-A","BM1137",4,1,1,0
"GSE96769#SRR5354097","LMPP","BM0828",5,1,5,6
"GSE96769#SRR5353896","MPP","BM1077",6,0,0,2
"GSE96769#SRR5354581","CMP","BM1137",7,2,2,7
"GSE96769#SRR5353652","HSC","BM0106",6,0,0,3
"GSE96769#SRR5355024","GMP","BM1214",4,1,1,0
"GSE96769#SRR5354566","CMP","BM1137",7,2,2,1
"GSE96769#SRR5353819","HSC","BM0828",8,0,0,2
"GSE96769#SRR5355060","GMP","BM1214",4,1,1,7
"GSE96769#SRR5353678","HSC","BM0828",8,0,0,2
"GSE96769#SRR5355461","CLP","BM1077",10,4,6,8
"GSE96769#SRR5355848","UNK","BM0106",4,1,1,0
"GSE96769#SRR5355248","MEP","BM0828",2,2,4,5
"GSE96769#SRR5353729","HSC","BM0828",8,0,0,2
"GSE96769#SRR5354345","CMP","BM1077",7,2,2,1
"GSE96769#SRR5355186","MEP","BM1077",1,2,4,5
"GSE96769#SRR5355546","CLP","BM0828",10,4,6,8
"GSE96769#SRR5354412","CMP","BM1077",7,2,2,7
"GSE96769#SRR5353558","HSC","BM0106",6,0,0,2
"GSE96769#SRR5354469","CMP","BM1214",7,2,2,1
"GSE96769#SRR5355759","pDC","BM1214",9,3,3,4
"GSE96769#SRR5354538","CMP","BM1137",7,2,2,1
"GSE96769#SRR5353869","MPP","BM1077",6,0,0,2
"GSE96769#SRR5354321","CMP","BM1137",3,5,7,9
"GSE96769#SRR5355720","pDC","BM1214",9,3,3,4
"GSE96769#SRR5355503","CLP","BM0828",10,4,6,8
"GSE96769#SRR5354621","CMP","BM1137",7,2,2,1
"GSE96769#SRR5354510","CMP","BM1214",7,2,2,1
"GSE96769#SRR5353825","HSC","BM0828",8,0,0,2
"GSE96769#SRR5353500","HSC","BM0106",6,0,0,3
"GSE96769#SRR5355090","GMP","BM1214",4,1,1,0
"GSE96769#SRR5354760","CMP","BM0828",8,2,2,7
"GSE96769#SRR5354785","CMP","BM0828",8,2,2,1
"GSE96769#SRR5353653","HSC","BM0106",6,0,0,3
"GSE96769#SRR5353990","MPP","BM0828",8,0,0,2
"GSE96769#SRR5353907","MPP","BM1077",6,0,0,2
"GSE96769#SRR5354148","CMP","BM1077",7,2,4,5
"GSE96769#SRR5354812","CMP","BM0828",4,1,1,0
"GSE96769#SRR5353969","MPP","BM0828",8,2,2,7
"GSE96769#SRR5353568","HSC","BM0106",6,0,0,3
"GSE96769#SRR5353743","HSC","BM0828",8,0,0,2
"GSE96769#SRR5354765","CMP","BM0828",8,2,2,7
"GSE96769#SRR5354605","CMP","BM1137",7,2,2,1
"GSE96769#SRR5353456","HSC","BM1077",6,0,0,3
"GSE96769#SRR5355884","GMP-A","BM1137",4,1,1,0
"GSE96769#SRR5356118","GMP-C","BM1137",4,1,1,0
"GSE96769#SRR5355725","pDC","BM1214",9,3,3,4
"GSE96769#SRR5354648","CMP","BM1214",7,2,2,1
"GSE96769#SRR5353685","HSC","BM0828",8,2,2,7
"GSE96769#SRR5353510","HSC","BM0106",6,0,0,3
"GSE96769#SRR5354892","GMP","BM1077",4,1,1,0
"GSE96769#SRR5354470","CMP","BM1214",7,2,2,1
"GSE96769#SRR5355238","MEP","BM0828",2,2,4,5
"GSE96769#SRR5355541","CLP","BM0828",10,4,6,8
"GSE96769#SRR5354009","MPP","BM0828",8,2,2,7
"GSE96769#SRR5355026","GMP","BM1214",4,1,1,0
"GSE96769#SRR5354624","CMP","BM1137",1,2,4,5
"GSE96769#SRR5354821","GMP","BM1077",4,1,1,0
"GSE96769#SRR5354120","LMPP","BM0828",5,1,5,6
"GSE96769#SRR5355567","CLP","BM0828",10,4,6,8
"GSE96769#SRR5354289","CMP","BM1137",8,5,7,9
"GSE96769#SRR5353427","HSC","BM1077",6,0,0,2
"GSE96769#SRR5353444","HSC","BM1077",6,0,0,3
"GSE96769#SRR5354905","GMP","BM1077",4,1,1,0
"GSE96769#SRR5354405","CMP","BM1077",7,0,0,3
"GSE96769#SRR5354244","CMP","BM1137",3,5,7,9
"GSE96769#SRR5353910","MPP","BM1077",6,0,0,3
"GSE96769#SRR5353711","HSC","BM0828",8,0,0,2
"GSE96769#SRR5354831","GMP","BM1077",4,1,1,0
"GSE96769#SRR5354110","LMPP","BM0828",5,1,5,6
"GSE96769#SRR5354673","CMP","BM1214",7,2,2,1
"GSE96769#SRR5354473","CMP","BM1214",7,2,2,1
"GSE96769#SRR5355727","pDC","BM1214",9,3,3,4
"GSE96769#SRR5355466","CLP","BM1077",10,4,6,8
"GSE96769#SRR5354891","GMP","BM1077",4,1,1,0
"GSE96769#SRR5353734","HSC","BM0828",8,0,0,2
"GSE96769#SRR5354297","CMP","BM1137",3,5,7,9
"GSE96769#SRR5356021","GMP-B","BM1137",4,1,1,0
"GSE96769#SRR5353850","HSC","BM0828",8,0,0,3
"GSE96769#SRR5353412","HSC","BM1077",6,0,2,7
"GSE96769#SRR5355743","pDC","BM1214",9,3,3,4
"GSE96769#SRR5355535","CLP","BM0828",10,4,6,8
"GSE96769#SRR5353920","MPP","BM1077",6,0,0,3
"GSE96769#SRR5354552","CMP","BM1137",7,2,2,1
"GSE96769#SRR5354578","CMP","BM1137",7,2,2,1
"GSE96769#SRR5355516","CLP","BM0828",10,4,6,8
"GSE96769#SRR5353901","MPP","BM1077",7,0,0,7
"GSE96769#SRR5354874","GMP","BM1077",4,1,1,0
"GSE96769#SRR5355826","UNK","BM0106",4,1,1,6
"GSE96769#SRR5356143","GMP-C","BM1137",4,1,1,0
"GSE96769#SRR5353928","MPP","BM1077",6,0,0,3
"GSE96769#SRR5355358","MEP","BM4983",1,2,4,5
"GSE96769#SRR5354727","CMP","BM0828",8,2,2,1
"GSE96769#SRR5355006","GMP","BM0828",4,1,1,0
"GSE96769#SRR5353884","MPP","BM1077",6,0,0,3
"GSE96769#SRR5353551","HSC","BM0106",6,0,0,3
"GSE96769#SRR5353391","HSC","BM1077",6,0,0,3
"GSE96769#SRR5353514","HSC","BM0106",6,0,0,2
"GSE96769#SRR5353420","HSC","BM1077",6,0,0,3
"GSE96769#SRR5353958","MPP","BM0828",8,0,0,2
"GSE96769#SRR5353915","MPP","BM1077",6,0,0,2
"GSE96769#SRR5354641","CMP","BM1214",7,2,2,1
"GSE96769#SRR5353445","HSC","BM1077",6,0,0,3
"GSE96769#SRR5354360","CMP","BM1077",7,2,2,1
"GSE96769#SRR5353632","HSC","BM0106",6,0,0,3
"GSE96769#SRR5354540","CMP","BM1137",7,2,2,1
"GSE96769#SRR5353936","MPP","BM1077",7,2,2,1
"GSE96769#SRR5353886","MPP","BM1077",6,0,0,3
"GSE96769#SRR5355073","GMP","BM1214",4,1,1,0
"GSE96769#SRR5355788","UNK","BM0106",4,1,1,0
"GSE96769#SRR5353866","MPP","BM1077",6,0,0,7
"GSE96769#SRR5355852","UNK","BM0106",4,1,1,0
"GSE96769#SRR5355483","CLP","BM1077",10,4,6,8
"GSE96769#SRR5354589","CMP","BM1137",7,2,2,1
"GSE96769#SRR5354865","GMP","BM1077",4,1,1,0
"GSE96769#SRR5353595","HSC","BM0106",6,0,0,3
"GSE96769#SRR5353641","HSC","BM0106",6,0,0,3
"GSE96769#SRR5354200","CMP","BM1077",4,2,2,7
"GSE96769#SRR5356054","GMP-B","BM1137",4,1,1,0
"GSE96769#SRR5354627","CMP","BM1214",7,2,2,1
"GSE96769#SRR5354189","CMP","BM1077",1,2,2,1
"GSE96769#SRR5353617","HSC","BM0106",6,0,0,2
"GSE96769#SRR5354912","GMP","BM1077",4,1,1,0
"GSE96769#SRR5354867","GMP","BM1077",4,1,1,0
"GSE96769#SRR5354477","CMP","BM1214",7,2,2,1
"GSE96769#SRR5353598","HSC","BM0106",6,0,0,3
"GSE96769#SRR5354482","CMP","BM1214",7,0,2,7
"GSE96769#SRR5355771","pDC","BM1214",9,3,3,4
"GSE96769#SRR5354878","GMP","BM1077",4,1,1,0
"GSE96769#SRR5355269","MEP","BM0828",2,2,4,5
"GSE96769#SRR5354125","LMPP","BM0828",5,1,5,6
"GSE96769#SRR5353818","HSC","BM0828",8,0,0,2
"GSE96769#SRR5354897","GMP","BM1077",4,1,1,0
"GSE96769#SRR5354869","GMP","BM1077",4,1,1,0
"GSE96769#SRR5355676","pDC","BM1214",9,3,3,4
"GSE96769#SRR5355918","GMP-A","BM1137",4,1,1,0
"GSE96769#SRR5354626","CMP","BM1214",7,2,2,1
"GSE96769#SRR5356042","GMP-B","BM1137",4,1,1,0
"GSE96769#SRR5354914","GMP","BM0828",4,1,1,0
"GSE96769#SRR5353987","MPP","BM0828",8,2,2,1
"GSE96769#SRR5353919","MPP","BM1077",6,0,0,3
"GSE96769#SRR5355515","CLP","BM0828",5,1,5,6
"GSE96769#SRR5353864","MPP","BM1077",6,0,0,3
"GSE96769#SRR5353521","HSC","BM0106",6,0,0,3
"GSE96769#SRR5353925","MPP","BM1077",7,2,2,1
"GSE96769#SRR5353681","HSC","BM0828",8,0,0,3
"GSE96769#SRR5356081","GMP-C","BM1137",4,1,1,0
"GSE96769#SRR5355094","GMP","BM1214",4,1,1,0
"GSE96769#SRR5354156","CMP","BM1077",7,2,2,1
"GSE96769#SRR5354872","GMP","BM1077",4,1,1,0
"GSE96769#SRR5355733","pDC","BM1214",9,3,3,4
"GSE96769#SRR5353474","HSC","BM0106",6,0,0,2
"GSE96769#SRR5353873","MPP","BM1077",6,0,0,3
"GSE96769#SRR5355457","CLP","BM1077",10,4,6,8
"GSE96769#SRR5354901","GMP","BM1077",4,1,1,0
"GSE96769#SRR5354139","LMPP","BM0828",5,1,5,6
"GSE96769#SRR5354782","CMP","BM0828",1,2,4,5
"GSE96769#SRR5354286","CMP","BM1137",7,5,7,9
"GSE96769#SRR5354993","GMP","BM0828",4,1,1,0
"GSE96769#SRR5353738","HSC","BM0828",8,0,0,2
"GSE96769#SRR5354166","CMP","BM1077",7,1,1,7
"GSE96769#SRR5354805","CMP","BM0828",8,0,0,2
"GSE96769#SRR5354573","CMP","BM1137",7,2,2,1
"GSE96769#SRR5353996","MPP","BM0828",8,2,2,7
"GSE96769#SRR5355045","GMP","BM1214",4,1,1,0
"GSE96769#SRR5354787","CMP","BM0828",8,0,5,6
"GSE96769#SRR5354636","CMP","BM1214",8,2,2,7
"GSE96769#SRR5353458","HSC","BM1077",6,0,0,3
"GSE96769#SRR5353966","MPP","BM0828",8,2,2,1
"GSE96769#SRR5353380","HSC","BM1077",6,0,0,2
"GSE96769#SRR5355550","CLP","BM0828",10,4,6,8
"GSE96769#SRR5353471","HSC","BM1077",6,0,0,3
"GSE96769#SRR5353817","HSC","BM0828",8,0,0,2
"GSE96769#SRR5355276","MEP","BM0828",2,2,4,5
"GSE96769#SRR5353753","HSC","BM0828",8,0,0,3
"GSE96769#SRR5353861","MPP","BM1077",6,0,0,3
"GSE96769#SRR5354303","CMP","BM1137",3,5,7,9
"GSE96769#SRR5353954","MPP","BM0828",8,0,0,2
"GSE96769#SRR5353431","HSC","BM1077",6,0,0,3
"GSE96769#SRR5355721","pDC","BM1214",9,3,3,4
"GSE96769#SRR5355272","MEP","BM0828",2,2,4,5
"GSE96769#SRR5353867","MPP","BM1077",7,0,0,2
"GSE96769#SRR5354828","GMP","BM1077",4,1,1,0
"GSE96769#SRR5355684","pDC","BM1214",9,3,3,4
"GSE96769#SRR5354794","CMP","BM0828",7,2,2,1
"GSE96769#SRR5355101","GMP","BM1214",4,1,1,0
"GSE96769#SRR5353618","HSC","BM0106",6,0,0,2
"GSE96769#SRR5354592","CMP","BM1137",7,2,2,1
"GSE96769#SRR5354255","CMP","BM1137",3,5,7,9
"GSE96769#SRR5353833","HSC","BM0828",8,0,0,2
"GSE96769#SRR5353759","HSC","BM0828",8,0,0,2
"GSE96769#SRR5353888","MPP","BM1077",6,0,0,3
"GSE96769#SRR5353849","HSC","BM0828",8,0,0,2
"GSE96769#SRR5354504","CMP","BM1214",7,2,2,1
"GSE96769#SRR5353976","MPP","BM0828",8,2,2,7
"GSE96769#SRR5355944","GMP-A","BM1137",4,1,1,0
"GSE96769#SRR5353629","HSC","BM0106",6,0,0,2
"GSE96769#SRR5355920","GMP-A","BM1137",4,1,1,0
"GSE96769#SRR5354096","LMPP","BM0828",5,1,5,6
"GSE96769#SRR5353476","HSC","BM0106",6,0,0,3
"GSE96769#SRR5354060","LMPP","BM0828",4,1,1,6
"GSE96769#SRR5354362","CMP","BM1077",7,2,4,5
"GSE96769#SRR5355097","GMP","BM1214",4,1,1,0
"GSE96769#SRR5353690","HSC","BM0828",8,0,0,2
"GSE96769#SRR5353841","HSC","BM0828",8,0,0,3
"GSE96769#SRR5354817","GMP","BM1077",4,1,1,0
"GSE96769#SRR5353429","HSC","BM1077",6,0,0,3
"GSE96769#SRR5355742","pDC","BM1214",9,3,3,4
"GSE96769#SRR5355463","CLP","BM1077",10,4,6,8
"GSE96769#SRR5353654","HSC","BM0106",6,0,0,3
"GSE96769#SRR5354228","CMP","BM1077",4,1,1,0
"GSE96769#SRR5354446","CMP","BM1214",4,1,1,0
"GSE96769#SRR5355737","pDC","BM1214",9,3,3,4
"GSE96769#SRR5354343","CMP","BM1077",7,2,2,1
"GSE96769#SRR5355799","UNK","BM0106",7,1,1,0
"GSE96769#SRR5354521","CMP","BM1214",7,2,2,1
"GSE96769#SRR5353413","HSC","BM1077",6,0,0,3
"GSE96769#SRR5355718","pDC","BM1214",9,3,3,4
"GSE96769#SRR5353881","MPP","BM1077",6,0,0,2
"GSE96769#SRR5353397","HSC","BM1077",6,0,0,3
"GSE96769#SRR5355701","pDC","BM1214",9,3,3,4
"GSE96769#SRR5356084","GMP-C","BM1137",4,1,1,0
"GSE96769#SRR5354590","CMP","BM1137",7,2,2,1
"GSE96769#SRR5355890","GMP-A","BM1137",4,1,1,0
"GSE96769#SRR5353657","HSC","BM0106",6,0,0,2
"GSE96769#SRR5353666","HSC","BM0828",8,0,0,2
"GSE96769#SRR5354015","MPP","BM0828",8,4,6,8
"GSE96769#SRR5353669","HSC","BM0828",8,0,0,2
"GSE96769#SRR5353721","HSC","BM0828",8,0,0,2
"GSE96769#SRR5353515","HSC","BM0106",6,0,0,3
"GSE96769#SRR5355467","CLP","BM1077",10,4,6,8
"GSE96769#SRR5355659","pDC","BM1137",9,3,3,4
"GSE96769#SRR5354092","LMPP","BM0828",5,0,0,2
"GSE96769#SRR5354827","GMP","BM1077",4,1,1,0
"GSE96769#SRR5354147","CMP","BM1077",7,2,2,1
"GSE96769#SRR5353467","HSC","BM1077",6,0,0,3
"GSE96769#SRR5355513","CLP","BM0828",10,4,6,8
"GSE96769#SRR5354773","CMP","BM0828",8,0,2,7
"GSE96769#SRR5354598","CMP","BM1137",6,1,1,0
"GSE96769#SRR5356056","GMP-B","BM1137",4,1,1,0
"GSE96769#SRR5354007","MPP","BM0828",8,0,0,2
"GSE96769#SRR5353948","MPP","BM1077",6,0,0,3
"GSE96769#SRR5353731","HSC","BM0828",8,0,0,2
"GSE96769#SRR5354557","CMP","BM1137",7,2,2,1
"GSE96769#SRR5355431","CLP","BM1077",10,4,6,8
"GSE96769#SRR5353809","HSC","BM0828",8,0,0,2
"GSE96769#SRR5354069","LMPP","BM0828",5,1,5,6
"GSE96769#SRR5355692","pDC","BM1214",9,3,3,4
"GSE96769#SRR5354864","GMP","BM1077",4,1,1,0
"GSE96769#SRR5353609","HSC","BM0106",6,0,0,2
"GSE96769#SRR5354188","CMP","BM1077",7,2,2,1
"GSE96769#SRR5355854","UNK","BM0106",4,1,1,0
"GSE96769#SRR5353415","HSC","BM1077",6,0,0,3
"GSE96769#SRR5353686","HSC","BM0828",8,0,0,2
"GSE96769#SRR5354201","CMP","BM1077",7,0,0,3
"GSE96769#SRR5353736","HSC","BM0828",8,0,0,2
"GSE96769#SRR5355363","MEP","BM4983",1,2,4,5
"GSE96769#SRR5355462","CLP","BM1077",10,4,6,8
"GSE96769#SRR5353908","MPP","BM1077",6,0,0,2
"GSE96769#SRR5355993","GMP-B","BM1137",4,1,1,0
"GSE96769#SRR5353555","HSC","BM0106",6,0,0,3
"GSE96769#SRR5354610","CMP","BM1137",7,2,2,1
"GSE96769#SRR5353402","HSC","BM1077",6,0,0,3
"GSE96769#SRR5354325","CMP","BM1137",3,5,7,9
"GSE96769#SRR5354843","GMP","BM1077",4,1,1,0
"GSE96769#SRR5354862","GMP","BM1077",4,1,1,0
"GSE96769#SRR5353571","HSC","BM0106",6,0,0,3
"GSE96769#SRR5355454","CLP","BM1077",10,4,6,8
"GSE96769#SRR5353968","MPP","BM0828",8,2,2,7
"GSE96769#SRR5355709","pDC","BM1214",9,3,3,4
"GSE96769#SRR5353604","HSC","BM0106",6,0,0,2
"GSE96769#SRR5355274","MEP","BM0828",2,2,4,5
"GSE96769#SRR5353611","HSC","BM0106",6,0,0,3
"GSE96769#SRR5354866","GMP","BM1077",4,1,1,0
"GSE96769#SRR5355488","CLP","BM0828",10,4,6,8
"GSE96769#SRR5355629","pDC","BM1137",9,3,3,4
"GSE96769#SRR5354407","CMP","BM1077",7,2,2,7
"GSE96769#SRR5354576","CMP","BM1137",7,2,2,1
"GSE96769#SRR5353957","MPP","BM0828",8,0,0,2
"GSE96769#SRR5355905","GMP-A","BM1137",4,1,1,0
"GSE96769#SRR5353960","MPP","BM0828",8,0,0,2
"GSE96769#SRR5355752","pDC","BM1214",9,3,3,4
"GSE96769#SRR5354154","CMP","BM1077",7,2,2,1
"GSE96769#SRR5354067","LMPP","BM0828",5,1,5,6
"GSE96769#SRR5353927","MPP","BM1077",6,0,0,3
"GSE96769#SRR5353505","HSC","BM0106",6,0,0,3
"GSE96769#SRR5354535","CMP","BM1137",7,1,1,0
"GSE96769#SRR5354519","CMP","BM1214",7,2,2,1
"GSE96769#SRR5354134","LMPP","BM0828",5,0,0,2
"GSE96769#SRR5355458","CLP","BM1077",10,4,6,8
"GSE96769#SRR5354338","CMP","BM1077",7,2,2,1
"GSE96769#SRR5354279","CMP","BM1137",3,5,7,9
"GSE96769#SRR5355518","CLP","BM0828",10,4,6,8
"GSE96769#SRR5354319","CMP","BM1137",3,5,7,9
"GSE96769#SRR5353545","HSC","BM0106",6,0,0,3
"GSE96769#SRR5355512","CLP","BM0828",10,4,6,8
"GSE96769#SRR5354314","CMP","BM1137",3,5,7,9
"GSE96769#SRR5355927","GMP-A","BM1137",4,1,1,0
"GSE96769#SRR5355696","pDC","BM1214",9,3,3,4
"GSE96769#SRR5353994","MPP","BM0828",8,0,2,7
"GSE96769#SRR5353610","HSC","BM0106",6,0,0,2
"GSE96769#SRR5353536","HSC","BM0106",6,0,0,2
"GSE96769#SRR5355125","MEP","BM1077",7,2,4,5
"GSE96769#SRR5353722","HSC","BM0828",8,0,0,2
"GSE96769#SRR5353675","HSC","BM0828",8,0,0,2
"GSE96769#SRR5355556","CLP","BM0828",10,4,6,8
"GSE96769#SRR5355016","GMP","BM1214",4,1,1,0
"GSE96769#SRR5353383","HSC","BM1077",6,0,0,3
"GSE96769#SRR5354569","CMP","BM1137",7,2,2,1
"GSE96769#SRR5353401","HSC","BM1077",6,0,0,3
"GSE96769#SRR5353875","MPP","BM1077",6,0,0,3
"GSE96769#SRR5354836","GMP","BM1077",4,1,1,0
"GSE96769#SRR5354802","CMP","BM0828",8,2,2,7
"GSE96769#SRR5353580","HSC","BM0106",6,0,0,3
"GSE96769#SRR5353930","MPP","BM1077",6,0,0,3
"GSE96769#SRR5353872","MPP","BM1077",6,0,0,2
"GSE96769#SRR5354254","CMP","BM1137",3,5,7,9
"GSE96769#SRR5355390","CLP","BM1077",10,4,6,8
"GSE96769#SRR5353594","HSC","BM0106",6,0,0,3
"GSE96769#SRR5353625","HSC","BM0106",6,0,0,3
"GSE96769#SRR5354422","CMP","BM1077",7,2,2,1
"GSE96769#SRR5354042","MPP","BM0828",8,0,0,2
"GSE96769#SRR5355192","MEP","BM1077",1,2,4,5
"GSE96769#SRR5355888","GMP-A","BM1137",4,1,1,0
"GSE96769#SRR5353944","MPP","BM1077",6,0,0,2
"GSE96769#SRR5353659","HSC","BM0106",6,0,0,3
"GSE96769#SRR5355456","CLP","BM1077",10,4,6,8
"GSE96769#SRR5353455","HSC","BM1077",6,0,0,3
"GSE96769#SRR5354214","CMP","BM1077",7,2,2,1
"GSE96769#SRR5355687","pDC","BM1214",9,3,3,4
"GSE96769#SRR5353663","HSC","BM0106",6,0,0,2
"GSE96769#SRR5354904","GMP","BM1077",4,1,1,0
"GSE96769#SRR5355351","MEP","BM4983",1,2,4,5
"GSE96769#SRR5354585","CMP","BM1137",7,2,2,1
"GSE96769#SRR5355359","MEP","BM4983",1,2,4,5
"GSE96769#SRR5353410","HSC","BM1077",6,0,0,3
"GSE96769#SRR5354607","CMP","BM1137",7,2,2,1
"GSE96769#SRR5354043","MPP","BM0828",8,2,2,7
"GSE96769#SRR5354564","CMP","BM1137",7,2,2,1
"GSE96769#SRR5354942","GMP","BM0828",4,1,1,0
"GSE96769#SRR5353805","HSC","BM0828",8,0,0,3
"GSE96769#SRR5353438","HSC","BM1077",6,0,0,3
"GSE96769#SRR5354146","CMP","BM1077",7,2,2,1
"GSE96769#SRR5353699","HSC","BM0828",8,0,0,2
"GSE96769#SRR5356131","GMP-C","BM1137",4,1,1,0
"GSE96769#SRR5355417","CLP","BM1077",10,4,6,8
"GSE96769#SRR5353929","MPP","BM1077",7,0,0,3
"GSE96769#SRR5353882","MPP","BM1077",6,0,0,3
"GSE96769#SRR5356135","GMP-C","BM1137",4,1,1,0
"GSE96769#SRR5354180","CMP","BM1077",7,1,1,0
"GSE96769#SRR5353905","MPP","BM1077",6,0,0,3
"GSE96769#SRR5354468","CMP","BM1214",7,2,2,1
"GSE96769#SRR5353913","MPP","BM1077",6,0,0,3
"GSE96769#SRR5353542","HSC","BM0106",6,0,0,3
"GSE96769#SRR5353985","MPP","BM0828",8,2,2,1
"GSE96769#SRR5355716","pDC","BM1214",9,3,3,4
"GSE96769#SRR5353707","HSC","BM0828",8,0,0,2
"GSE96769#SRR5353647","HSC","BM0106",6,2,5,7
"GSE96769#SRR5354734","CMP","BM0828",8,0,0,2
"GSE96769#SRR5353414","HSC","BM1077",6,0,0,3
"GSE96769#SRR5354177","CMP","BM1077",6,0,0,3
"GSE96769#SRR5355724","pDC","BM1214",9,3,3,4
"GSE96769#SRR5353698","HSC","BM0828",8,0,0,2
"GSE96769#SRR5355001","GMP","BM0828",4,1,1,0
"GSE96769#SRR5354210","CMP","BM1077",4,1,1,0
"GSE96769#SRR5355839","UNK","BM0106",4,1,1,0
"GSE96769#SRR5355300","MEP","BM4983",1,2,4,5
"GSE96769#SRR5354743","CMP","BM0828",8,2,2,1
"GSE96769#SRR5353750","HSC","BM0828",8,2,2,7
"GSE96769#SRR5354509","CMP","BM1214",7,2,2,1
"GSE96769#SRR5354455","CMP","BM1214",7,2,2,1
"GSE96769#SRR5355758","pDC","BM1214",9,3,3,4
"GSE96769#SRR5353853","HSC","BM0828",8,5,7,9
"GSE96769#SRR5355790","UNK","BM0106",4,1,1,0
"GSE96769#SRR5353643","HSC","BM0106",6,0,0,2
"GSE96769#SRR5353633","HSC","BM0106",6,0,0,3
"GSE96769#SRR5354967","GMP","BM0828",4,1,1,0
"GSE96769#SRR5355805","UNK","BM0106",4,1,1,0
"GSE96769#SRR5354209","CMP","BM1077",7,1,1,0
"GSE96769#SRR5354730","CMP","BM0828",8,2,2,1
"GSE96769#SRR5354911","GMP","BM1077",4,1,1,0
"GSE96769#SRR5353461","HSC","BM1077",6,0,0,3
"GSE96769#SRR5354839","GMP","BM1077",4,1,1,0
"GSE96769#SRR5354231","CMP","BM1077",7,0,0,3
"GSE96769#SRR5353712","HSC","BM0828",8,0,0,2
"GSE96769#SRR5355705","pDC","BM1214",9,3,3,4
"GSE96769#SRR5354832","GMP","BM1077",4,1,1,0
"GSE96769#SRR5355448","CLP","BM1077",10,4,6,8
"GSE96769#SRR5353607","HSC","BM0106",8,0,0,2
"GSE96769#SRR5355967","GMP-B","BM1137",4,1,1,0
"GSE96769#SRR5353837","HSC","BM0828",8,0,0,2
"GSE96769#SRR5355730","pDC","BM1214",9,3,3,4
"GSE96769#SRR5353724","HSC","BM0828",8,0,0,2
"GSE96769#SRR5354702","CMP","BM1214",7,2,2,1
"GSE96769#SRR5354937","GMP","BM0828",4,1,1,0
"GSE96769#SRR5354394","CMP","BM1077",7,2,2,1
"GSE96769#SRR5353635","HSC","BM0106",6,0,0,3
"GSE96769#SRR5353993","MPP","BM0828",8,2,2,1
"GSE96769#SRR5354144","LMPP","BM0828",5,1,5,6
"GSE96769#SRR5355838","UNK","BM0106",4,1,1,0
"GSE96769#SRR5354989","GMP","BM0828",5,1,1,6
"GSE96769#SRR5355823","UNK","BM0106",4,1,1,0
"GSE96769#SRR5353709","HSC","BM0828",8,0,0,3
"GSE96769#SRR5355825","UNK","BM0106",4,1,1,0
"GSE96769#SRR5354260","CMP","BM1137",3,5,7,9
"GSE96769#SRR5353637","HSC","BM0106",6,0,0,3
"GSE96769#SRR5353899","MPP","BM1077",6,0,0,3
"GSE96769#SRR5355228","MEP","BM0828",2,2,4,5
"GSE96769#SRR5353935","MPP","BM1077",6,0,0,2
"GSE96769#SRR5355465","CLP","BM1077",10,4,6,8
"GSE96769#SRR5354038","MPP","BM0828",8,0,0,3
"GSE96769#SRR5354283","CMP","BM1137",3,5,7,9
"GSE96769#SRR5354117","LMPP","BM0828",5,1,5,6
"GSE96769#SRR5355508","CLP","BM0828",10,4,6,8
"GSE96769#SRR5355470","CLP","BM1077",10,4,6,8
"GSE96769#SRR5354004","MPP","BM0828",8,0,0,7
"GSE96769#SRR5355529","CLP","BM0828",5,1,5,6
"GSE96769#SRR5355793","UNK","BM0106",4,1,1,0
"GSE96769#SRR5353665","HSC","BM0828",8,0,0,3
"GSE96769#SRR5354055","LMPP","BM0828",5,1,5,6
"GSE96769#SRR5354961","GMP","BM0828",4,1,1,6
"GSE96769#SRR5353556","HSC","BM0106",6,0,0,3
"GSE96769#SRR5356030","GMP-B","BM1137",4,1,1,0
"GSE96769#SRR5355490","CLP","BM0828",10,4,6,8
"GSE96769#SRR5354668","CMP","BM1214",8,0,2,1
"GSE96769#SRR5353803","HSC","BM0828",8,0,0,2
"GSE96769#SRR5354232","CMP","BM1077",7,2,2,1
"GSE96769#SRR5354934","GMP","BM0828",4,1,1,0
"GSE96769#SRR5353821","HSC","BM0828",8,0,0,2
"GSE96769#SRR5353725","HSC","BM0828",8,0,0,2
"GSE96769#SRR5353904","MPP","BM1077",6,0,0,3
"GSE96769#SRR5354424","CMP","BM1077",7,2,2,7
"GSE96769#SRR5356146","GMP-C","BM1137",4,1,1,0
"GSE96769#SRR5354594","CMP","BM1137",7,0,0,2
"GSE96769#SRR5353895","MPP","BM1077",7,2,2,7
"GSE96769#SRR5354002","MPP","BM0828",8,0,0,2
"GSE96769#SRR5355817","UNK","BM0106",4,1,1,0
"GSE96769#SRR5354293","CMP","BM1137",3,5,7,9
"GSE96769#SRR5353613","HSC","BM0106",6,0,0,3
"GSE96769#SRR5354742","CMP","BM0828",8,2,2,1
"GSE96769#SRR5353822","HSC","BM0828",8,0,0,2
"GSE96769#SRR5355489","CLP","BM0828",10,4,6,8
"GSE96769#SRR5355685","pDC","BM1214",9,3,3,4
"GSE96769#SRR5353674","HSC","BM0828",8,0,0,2
"GSE96769#SRR5354165","CMP","BM1077",7,2,2,1
"GSE96769#SRR5355325","MEP","BM4983",1,2,4,5
"GSE96769#SRR5354992","GMP","BM0828",5,1,5,6
"GSE96769#SRR5356075","GMP-C","BM1137",4,1,1,0
"GSE96769#SRR5354542","CMP","BM1137",7,1,1,0
"GSE96769#SRR5353592","HSC","BM0106",6,0,0,3
"GSE96769#SRR5353894","MPP","BM1077",6,0,0,3
"GSE96769#SRR5354086","LMPP","BM0828",5,1,5,6
"GSE96769#SRR5354206","CMP","BM1077",7,0,0,3
"GSE96769#SRR5353834","HSC","BM0828",8,2,2,7
"GSE96769#SRR5355004","GMP","BM0828",10,4,6,8
"GSE96769#SRR5353695","HSC","BM0828",8,0,0,2
"GSE96769#SRR5354810","CMP","BM0828",1,2,4,5
"GSE96769#SRR5355683","pDC","BM1214",9,3,3,4
"GSE96769#SRR5354005","MPP","BM0828",8,0,0,2
"GSE96769#SRR5353680","HSC","BM0828",8,0,0,3
"GSE96769#SRR5355114","MEP","BM1077",1,2,4,5
"GSE96769#SRR5353387","HSC","BM1077",6,0,0,3
"GSE96769#SRR5354938","GMP","BM0828",5,1,5,6
"GSE96769#SRR5355453","CLP","BM1077",5,4,6,8
"GSE96769#SRR5353697","HSC","BM0828",8,0,0,2
"GSE96769#SRR5355964","GMP-B","BM1137",4,1,1,0
"GSE96769#SRR5354493","CMP","BM1214",7,2,2,1
"GSE96769#SRR5353760","HSC","BM0828",8,2,2,7
"GSE96769#SRR5353616","HSC","BM0106",6,0,0,3
"GSE96769#SRR5355538","CLP","BM0828",10,4,6,8
"GSE96769#SRR5355401","CLP","BM1077",10,4,6,8
"GSE96769#SRR5354935","GMP","BM0828",4,1,1,0
"GSE96769#SRR5354444","CMP","BM1214",7,2,2,1
"GSE96769#SRR5353942","MPP","BM1077",8,0,0,2
"GSE96769#SRR5356051","GMP-B","BM1137",4,1,1,0
"GSE96769#SRR5355732","pDC","BM1214",9,3,3,4
"GSE96769#SRR5353876","MPP","BM1077",6,0,0,2
"GSE96769#SRR5355773","UNK","BM0106",4,1,1,0
"GSE96769#SRR5353870","MPP","BM1077",6,0,0,3
"GSE96769#SRR5353880","MPP","BM1077",6,0,0,3
"GSE96769#SRR5355089","GMP","BM1214",4,1,1,0
"GSE96769#SRR5353578","HSC","BM0106",6,0,0,3
"GSE96769#SRR5355400","CLP","BM1077",10,4,6,8
"GSE96769#SRR5355287","MEP","BM0828",2,2,4,5
"GSE96769#SRR5353670","HSC","BM0828",8,0,0,2
"GSE96769#SRR5353450","HSC","BM1077",6,0,0,3
"GSE96769#SRR5355943","GMP-A","BM1137",4,1,1,0
"GSE96769#SRR5354163","CMP","BM1077",7,2,2,1
"GSE96769#SRR5353591","HSC","BM0106",6,0,0,2
"GSE96769#SRR5354999","GMP","BM0828",5,1,5,6
"GSE96769#SRR5355669","pDC","BM1137",9,3,3,4
"GSE96769#SRR5354115","LMPP","BM0828",5,1,5,6
"GSE96769#SRR5354109","LMPP","BM0828",5,1,5,6
"GSE96769#SRR5355846","UNK","BM0106",4,1,1,0
"GSE96769#SRR5354879","GMP","BM1077",4,1,1,0
"GSE96769#SRR5355533","CLP","BM0828",10,4,6,8
"GSE96769#SRR5356133","GMP-C","BM1137",4,3,3,4
"GSE96769#SRR5355802","UNK","BM0106",4,1,1,0
"GSE96769#SRR5354896","GMP","BM1077",4,1,1,0
"GSE96769#SRR5354883","GMP","BM1077",4,1,1,0
"GSE96769#SRR5354903","GMP","BM1077",4,1,1,0
"GSE96769#SRR5355544","CLP","BM0828",10,4,6,8
"GSE96769#SRR5355449","CLP","BM1077",10,4,6,8
"GSE96769#SRR5354876","GMP","BM1077",4,1,1,0
"GSE96769#SRR5353946","MPP","BM1077",6,0,0,3
"GSE96769#SRR5355411","CLP","BM1077",10,4,6,8
"GSE96769#SRR5355623","pDC","BM1137",9,3,3,4
"GSE96769#SRR5353775","HSC","BM0828",8,0,0,2
"GSE96769#SRR5353577","HSC","BM0106",6,0,0,3
"GSE96769#SRR5356047","GMP-B","BM1137",4,1,1,0
"GSE96769#SRR5354390","CMP","BM1077",7,2,2,7
"GSE96769#SRR5355939","GMP-A","BM1137",4,1,1,0
"GSE96769#SRR5356053","GMP-B","BM1137",4,1,1,0
"GSE96769#SRR5354145","CMP","BM1077",7,2,2,1
"GSE96769#SRR5354741","CMP","BM0828",8,2,2,1
"GSE96769#SRR5355636","pDC","BM1137",9,3,3,4
"GSE96769#SRR5355408","CLP","BM1077",10,4,6,8
"GSE96769#SRR5355219","MEP","BM0828",2,2,4,5
"GSE96769#SRR5354048","MPP","BM0828",8,0,0,3
"GSE96769#SRR5353626","HSC","BM0106",6,0,0,3
"GSE96769#SRR5354916","GMP","BM0828",5,1,5,6
"GSE96769#SRR5354924","GMP","BM0828",4,1,1,0
"GSE96769#SRR5354122","LMPP","BM0828",5,1,5,6
"GSE96769#SRR5353717","HSC","BM0828",8,0,0,7
"GSE96769#SRR5353813","HSC","BM0828",8,0,0,2
"GSE96769#SRR5354928","GMP","BM0828",5,3,3,4
"GSE96769#SRR5355569","CLP","BM0828",10,4,6,8
"GSE96769#SRR5354968","GMP","BM0828",4,1,1,6
"GSE96769#SRR5353381","HSC","BM1077",6,0,0,3
"GSE96769#SRR5353921","MPP","BM1077",6,2,2,1
"GSE96769#SRR5353999","MPP","BM0828",8,2,2,1
"GSE96769#SRR5354194","CMP","BM1077",7,0,0,2
"GSE96769#SRR5355845","UNK","BM0106",4,1,1,0
"GSE96769#SRR5356031","GMP-B","BM1137",4,1,1,0
"GSE96769#SRR5354732","CMP","BM0828",8,0,0,2
"GSE96769#SRR5353863","MPP","BM1077",6,0,0,3
"GSE96769#SRR5353952","MPP","BM1077",6,0,0,3
"GSE96769#SRR5353621","HSC","BM0106",6,0,0,3
"GSE96769#SRR5353483","HSC","BM0106",6,0,0,3
"GSE96769#SRR5354962","GMP","BM0828",4,1,1,0
"GSE96769#SRR5353624","HSC","BM0106",6,0,0,3
"GSE96769#SRR5355829","UNK","BM0106",4,1,1,0
"GSE96769#SRR5354820","GMP","BM1077",4,1,1,0
"GSE96769#SRR5355507","CLP","BM0828",10,4,6,8
"GSE96769#SRR5355474","CLP","BM1077",10,4,6,8
"GSE96769#SRR5355834","UNK","BM0106",4,1,1,0
"GSE96769#SRR5353554","HSC","BM0106",6,0,0,3
"GSE96769#SRR5354168","CMP","BM1077",7,2,2,1
"GSE96769#SRR5355570","CLP","BM0828",10,4,6,8
"GSE96769#SRR5353490","HSC","BM0106",6,0,0,3
"GSE96769#SRR5353494","HSC","BM0106",6,0,0,3
"GSE96769#SRR5355473","CLP","BM1077",10,4,6,8
"GSE96769#SRR5353903","MPP","BM1077",6,0,0,3
"GSE96769#SRR5354985","GMP","BM0828",4,1,1,0
"GSE96769#SRR5353614","HSC","BM0106",6,0,0,3
"GSE96769#SRR5354127","LMPP","BM0828",5,1,5,6
"GSE96769#SRR5354976","GMP","BM0828",4,1,1,0
"GSE96769#SRR5353688","HSC","BM0828",8,0,0,2
"GSE96769#SRR5355849","UNK","BM0106",4,1,1,0
"GSE96769#SRR5354489","CMP","BM1214",7,2,2,1
"GSE96769#SRR5355907","GMP-A","BM1137",4,1,1,0
"GSE96769#SRR5355242","MEP","BM0828",2,2,4,5
"GSE96769#SRR5356045","GMP-B","BM1137",4,1,1,0
"GSE96769#SRR5354694","CMP","BM1214",7,2,2,1
"GSE96769#SRR5354352","CMP","BM1077",7,0,2,7
"GSE96769#SRR5353797","HSC","BM0828",8,0,0,2
"GSE96769#SRR5354939","GMP","BM0828",5,1,5,6
"GSE96769#SRR5355184","MEP","BM1077",1,2,4,5
"GSE96769#SRR5355568","CLP","BM0828",10,4,6,8
"GSE96769#SRR5353477","HSC","BM0106",6,0,0,3
"GSE96769#SRR5353645","HSC","BM0106",6,0,0,3
"GSE96769#SRR5353448","HSC","BM1077",6,0,0,3
"GSE96769#SRR5353599","HSC","BM0106",6,0,0,3
"GSE96769#SRR5353824","HSC","BM0828",8,0,0,2
"GSE96769#SRR5355504","CLP","BM0828",10,4,6,8
"GSE96769#SRR5355414","CLP","BM1077",5,1,5,6
"GSE96769#SRR5353546","HSC","BM0106",6,0,0,3
"GSE96769#SRR5354320","CMP","BM1137",3,5,7,9
"GSE96769#SRR5353892","MPP","BM1077",6,0,0,3
"GSE96769#SRR5353938","MPP","BM1077",6,0,0,3
"GSE96769#SRR5354606","CMP","BM1137",7,2,2,1
"GSE96769#SRR5353378","HSC","BM1077",6,0,0,3
"GSE96769#SRR5353791","HSC","BM0828",8,0,0,2
"GSE96769#SRR5354859","GMP","BM1077",4,1,1,0
"GSE96769#SRR5354458","CMP","BM1214",7,2,2,1
"GSE96769#SRR5354212","CMP","BM1077",7,2,2,1
"GSE96769#SRR5354744","CMP","BM0828",8,2,2,7
"GSE96769#SRR5354978","GMP","BM0828",5,1,1,0
"GSE96769#SRR5353799","HSC","BM0828",8,2,2,7
"GSE96769#SRR5354061","LMPP","BM0828",5,1,5,6
"GSE96769#SRR5354952","GMP","BM0828",5,1,5,6
"GSE96769#SRR5353796","HSC","BM0828",8,0,0,3
"GSE96769#SRR5353878","MPP","BM1077",6,0,0,3
"GSE96769#SRR5353532","HSC","BM0106",6,0,0,3
"GSE96769#SRR5354497","CMP","BM1214",7,2,2,1
"GSE96769#SRR5353745","HSC","BM0828",8,0,0,3
"GSE96769#SRR5354857","GMP","BM1077",5,1,5,6
"GSE96769#SRR5354499","CMP","BM1214",7,2,2,1
"GSE96769#SRR5355437","CLP","BM1077",10,4,6,8
"GSE96769#SRR5354150","CMP","BM1077",7,2,2,1
"GSE96769#SRR5355682","pDC","BM1214",9,3,3,4
"GSE96769#SRR5354956","GMP","BM0828",5,1,5,6
"GSE96769#SRR5353433","HSC","BM1077",6,0,0,3
"GSE96769#SRR5353762","HSC","BM0828",8,0,0,2
"GSE96769#SRR5354997","GMP","BM0828",4,1,1,0
"GSE96769#SRR5355864","UNK","BM0106",4,1,1,0
"GSE96769#SRR5354178","CMP","BM1077",7,2,2,1
"GSE96769#SRR5355440","CLP","BM1077",10,4,6,8
"GSE96769#SRR5355459","CLP","BM1077",10,4,6,8
"GSE96769#SRR5354381","CMP","BM1077",7,2,2,7
"GSE96769#SRR5354617","CMP","BM1137",7,2,2,1
"GSE96769#SRR5354505","CMP","BM1214",7,0,0,2
"GSE96769#SRR5355475","CLP","BM1077",10,4,6,8
"GSE96769#SRR5353426","HSC","BM1077",6,0,0,3
"GSE96769#SRR5355576","CLP","BM0828",10,4,6,8
"GSE96769#SRR5353585","HSC","BM0106",6,0,0,3
"GSE96769#SRR5354644","CMP","BM1214",7,0,2,7
"GSE96769#SRR5353646","HSC","BM0106",6,0,0,3
"GSE96769#SRR5353547","HSC","BM0106",6,0,0,3
"GSE96769#SRR5353534","HSC","BM0106",6,0,0,3
"GSE96769#SRR5354091","LMPP","BM0828",5,1,5,6
"GSE96769#SRR5353978","MPP","BM0828",8,0,0,2
"GSE96769#SRR5353671","HSC","BM0828",8,0,0,2
"GSE96769#SRR5354224","CMP","BM1077",4,1,1,0
"GSE96769#SRR5354379","CMP","BM1077",7,2,2,1
"GSE96769#SRR5354029","MPP","BM0828",8,2,4,5
"GSE96769#SRR5354954","GMP","BM0828",5,1,5,6
"GSE96769#SRR5353906","MPP","BM1077",6,0,0,3
"GSE96769#SRR5353459","HSC","BM1077",6,0,0,3
"GSE96769#SRR5353897","MPP","BM1077",6,0,0,3
"GSE96769#SRR5355540","CLP","BM0828",10,4,6,8
"GSE96769#SRR5354944","GMP","BM0828",5,1,5,6
"GSE96769#SRR5355517","CLP","BM0828",10,4,6,8
"GSE96769#SRR5355528","CLP","BM0828",10,4,6,8
"GSE96769#SRR5356026","GMP-B","BM1137",4,1,1,0
"GSE96769#SRR5353700","HSC","BM0828",8,0,0,2
"GSE96769#SRR5354233","CMP","BM1077",7,2,2,1
"GSE96769#SRR5354984","GMP","BM0828",4,1,1,0
"GSE96769#SRR5354940","GMP","BM0828",5,1,5,6
"GSE96769#SRR5355664","pDC","BM1137",9,3,3,4
"GSE96769#SRR5353855","HSC","BM0828",8,0,0,2
"GSE96769#SRR5354556","CMP","BM1137",7,2,2,1
"GSE96769#SRR5355572","CLP","BM0828",10,4,6,8
"GSE96769#SRR5354988","GMP","BM0828",5,1,1,0
"GSE96769#SRR5354065","LMPP","BM0828",5,1,5,6
"GSE96769#SRR5353858","MPP","BM1077",6,0,0,3
"GSE96769#SRR5353810","HSC","BM0828",8,0,0,7
"GSE96769#SRR5354972","GMP","BM0828",4,1,1,0
"GSE96769#SRR5353504","HSC","BM0106",6,0,0,3
"GSE96769#SRR5354964","GMP","BM0828",5,1,5,6
"GSE96769#SRR5354152","CMP","BM1077",7,2,2,1
"GSE96769#SRR5355765","pDC","BM1214",9,3,3,4
"GSE96769#SRR5353586","HSC","BM0106",6,0,0,3
"GSE96769#SRR5355485","CLP","BM0828",10,4,6,8
"GSE96769#SRR5354932","GMP","BM0828",5,1,5,6
"GSE96769#SRR5355543","CLP","BM0828",10,4,6,8
"GSE96769#SRR5353506","HSC","BM0106",6,0,0,3
"GSE96769#SRR5355445","CLP","BM1077",4,0,0,2
"GSE96769#SRR5355916","GMP-A","BM1137",4,1,1,0
"GSE96769#SRR5355046","GMP","BM1214",4,1,1,0
"GSE96769#SRR5354572","CMP","BM1137",7,2,2,7
"GSE96769#SRR5355965","GMP-B","BM1137",4,1,1,0
"GSE96769#SRR5355389","CLP","BM1077",10,4,6,8
"GSE96769#SRR5355731","pDC","BM1214",9,3,3,4
"GSE96769#SRR5354797","CMP","BM0828",8,2,2,1
"GSE96769#SRR5354383","CMP","BM1077",7,2,2,1
"GSE96769#SRR5354600","CMP","BM1137",8,2,2,1
"GSE96769#SRR5353980","MPP","BM0828",8,0,0,2
"GSE96769#SRR5353518","HSC","BM0106",6,0,0,3
"GSE96769#SRR5354195","CMP","BM1077",1,2,4,5
"GSE96769#SRR5353970","MPP","BM0828",8,0,0,3
"GSE96769#SRR5354063","LMPP","BM0828",5,1,5,6
"GSE96769#SRR5354223","CMP","BM1077",7,1,1,0
"GSE96769#SRR5353852","HSC","BM0828",8,0,0,3
"GSE96769#SRR5356102","GMP-C","BM1137",4,3,3,4
"GSE96769#SRR5355660","pDC","BM1137",9,3,3,4
"GSE96769#SRR5354971","GMP","BM0828",5,1,5,6
"GSE96769#SRR5353847","HSC","BM0828",8,0,0,2
"GSE96769#SRR5354515","CMP","BM1214",7,2,2,7
"GSE96769#SRR5353856","HSC","BM0828",8,0,0,2
"GSE96769#SRR5354995","GMP","BM0828",4,1,1,0
"GSE96769#SRR5354549","CMP","BM1137",7,2,2,1
"GSE96769#SRR5354970","GMP","BM0828",4,1,1,0
"GSE96769#SRR5355972","GMP-B","BM1137",4,1,1,0
"GSE96769#SRR5354546","CMP","BM1137",7,2,2,7
"GSE96769#SRR5353676","HSC","BM0828",8,0,0,2
"GSE96769#SRR5354608","CMP","BM1137",7,0,2,7
"GSE96769#SRR5355763","pDC","BM1214",9,3,3,4
"GSE96769#SRR5353820","HSC","BM0828",8,0,0,3
"GSE96769#SRR5356080","GMP-C","BM1137",4,1,1,0
"GSE96769#SRR5355112","MEP","BM1077",1,2,4,5
"GSE96769#SRR5354776","CMP","BM0828",8,2,2,1
"GSE96769#SRR5354049","LMPP","BM0828",5,1,5,6
"GSE96769#SRR5353436","HSC","BM1077",6,0,0,3
"GSE96769#SRR5354895","GMP","BM1077",4,1,1,0
"GSE96769#SRR5355429","CLP","BM1077",10,4,6,8
"GSE96769#SRR5354665","CMP","BM1214",7,2,2,1
"GSE96769#SRR5355828","UNK","BM0106",4,1,1,0
"GSE96769#SRR5353877","MPP","BM1077",6,0,0,2
"GSE96769#SRR5353939","MPP","BM1077",6,0,0,3
"GSE96769#SRR5354980","GMP","BM0828",4,1,1,0
"GSE96769#SRR5354974","GMP","BM0828",8,1,5,7
"GSE96769#SRR5355761","pDC","BM1214",9,3,3,4
"GSE96769#SRR5354739","CMP","BM0828",8,2,2,7
"GSE96769#SRR5354936","GMP","BM0828",4,1,1,0
"GSE96769#SRR5355966","GMP-B","BM1137",4,1,1,0
"GSE96769#SRR5353530","HSC","BM0106",6,0,0,3
"GSE96769#SRR5354234","CMP","BM1077",7,2,2,1
"GSE96769#SRR5355648","pDC","BM1137",9,3,3,4
"GSE96769#SRR5353710","HSC","BM0828",8,0,0,2
"GSE96769#SRR5354226","CMP","BM1077",7,2,2,7
"GSE96769#SRR5354998","GMP","BM0828",4,1,5,6
"GSE96769#SRR5354915","GMP","BM0828",4,1,1,0
"GSE96769#SRR5354983","GMP","BM0828",9,3,3,4
"GSE96769#SRR5353854","HSC","BM0828",8,0,0,2
"GSE96769#SRR5354296","CMP","BM1137",3,5,7,9
"GSE96769#SRR5353832","HSC","BM0828",8,0,0,2
"GSE96769#SRR5354440","CMP","BM1214",7,2,2,1
"GSE96769#SRR5353997","MPP","BM0828",8,0,0,2
"GSE96769#SRR5354927","GMP","BM0828",5,1,5,6
"GSE96769#SRR5353902","MPP","BM1077",6,0,0,3
"GSE96769#SRR5355096","GMP","BM1214",4,1,1,0
"GSE96769#SRR5354930","GMP","BM0828",4,1,1,0
"GSE96769#SRR5353857","MPP","BM1077",6,0,0,3
"GSE96769#SRR5353752","HSC","BM0828",8,0,0,2
"GSE96769#SRR5354193","CMP","BM1077",7,0,0,3
"GSE96769#SRR5355816","UNK","BM0106",4,1,1,0
"GSE96769#SRR5354019","MPP","BM0828",8,0,0,2
"GSE96769#SRR5353548","HSC","BM0106",6,0,0,3
"GSE96769#SRR5354618","CMP","BM1137",7,2,2,1
"GSE96769#SRR5355007","GMP","BM0828",4,1,5,6
"GSE96769#SRR5355534","CLP","BM0828",10,4,6,8
"GSE96769#SRR5355206","MEP","BM0828",2,2,4,5
"GSE96769#SRR5354751","CMP","BM0828",7,2,2,1
"GSE96769#SRR5354871","GMP","BM1077",4,1,1,0
"GSE96769#SRR5356079","GMP-C","BM1137",4,1,1,0
"GSE96769#SRR5354476","CMP","BM1214",7,2,2,1
"GSE96769#SRR5353735","HSC","BM0828",8,0,0,3
"GSE96769#SRR5354036","MPP","BM0828",8,2,2,1
"GSE96769#SRR5353890","MPP","BM1077",6,0,0,3
"GSE96769#SRR5354951","GMP","BM0828",5,3,3,4
"GSE96769#SRR5354164","CMP","BM1077",7,0,0,2
"GSE96769#SRR5355151","MEP","BM1077",1,2,4,5
"GSE96769#SRR5355686","pDC","BM1214",9,3,3,4
"GSE96769#SRR5353479","HSC","BM0106",6,0,0,3
"GSE96769#SRR5354768","CMP","BM0828",8,2,2,1
"GSE96769#SRR5354693","CMP","BM1214",7,2,2,1
"GSE96769#SRR5354957","GMP","BM0828",4,1,1,0
"GSE96769#SRR5356110","GMP-C","BM1137",4,1,1,0
"GSE96769#SRR5355735","pDC","BM1214",9,3,3,4
"GSE96769#SRR5353719","HSC","BM0828",8,0,0,3
"GSE96769#SRR5354301","CMP","BM1137",8,2,2,1
"GSE96769#SRR5353914","MPP","BM1077",6,0,0,3
"GSE96769#SRR5355562","CLP","BM0828",10,4,6,8
"GSE96769#SRR5355423","CLP","BM1077",10,4,6,8
"GSE96769#SRR5354101","LMPP","BM0828",5,3,5,6
"GSE96769#SRR5354778","CMP","BM0828",7,2,2,1
"GSE96769#SRR5354801","CMP","BM0828",7,2,2,1
"GSE96769#SRR5354990","GMP","BM0828",4,1,1,0
"GSE96769#SRR5355821","UNK","BM0106",4,1,1,0
"GSE96769#SRR5353513","HSC","BM0106",6,0,0,3
"GSE96769#SRR5355319","MEP","BM4983",1,2,4,5
"GSE96769#SRR5353405","HSC","BM1077",6,0,0,3
"GSE96769#SRR5354709","CMP","BM1214",7,2,2,7
"GSE96769#SRR5355361","MEP","BM4983",1,2,4,5
"GSE96769#SRR5354849","GMP","BM1077",4,1,1,0
"GSE96769#SRR5354580","CMP","BM1137",7,2,2,1
"GSE96769#SRR5355555","CLP","BM0828",10,4,6,8
"GSE96769#SRR5354378","CMP","BM1077",7,2,2,1
"GSE96769#SRR5353754","HSC","BM0828",8,0,0,3
"GSE96769#SRR5354975","GMP","BM0828",5,1,5,6
"GSE96769#SRR5353816","HSC","BM0828",8,0,2,7
"GSE96769#SRR5354959","GMP","BM0828",4,1,1,0
"GSE96769#SRR5354511","CMP","BM1214",7,2,2,1
"GSE96769#SRR5353544","HSC","BM0106",6,0,0,3
"GSE96769#SRR5355772","UNK","BM0106",4,1,1,0
"GSE96769#SRR5355008","GMP","BM0828",10,4,6,8
"GSE96769#SRR5355780","UNK","BM0106",4,1,1,0
"GSE96769#SRR5354041","MPP","BM0828",8,0,0,3
"GSE96769#SRR5353940","MPP","BM1077",6,0,0,3
"GSE96769#SRR5354401","CMP","BM1077",7,2,2,1
"GSE96769#SRR5354013","MPP","BM0828",8,2,2,7
"GSE96769#SRR5353798","HSC","BM0828",8,0,0,3
"GSE96769#SRR5353871","MPP","BM1077",6,0,0,3
"GSE96769#SRR5354157","CMP","BM1077",7,0,0,2
"GSE96769#SRR5354012","MPP","BM0828",8,0,0,2
"GSE96769#SRR5354920","GMP","BM0828",4,1,1,0
"GSE96769#SRR5355447","CLP","BM1077",10,4,6,8
"GSE96769#SRR5354437","CMP","BM1214",7,2,2,1
"GSE96769#SRR5356115","GMP-C","BM1137",4,1,1,0
"GSE96769#SRR5353953","MPP","BM0828",8,2,2,7
"GSE96769#SRR5353844","HSC","BM0828",8,0,0,2
"GSE96769#SRR5354000","MPP","BM0828",8,0,0,2
"GSE96769#SRR5354040","MPP","BM0828",7,0,0,3
"GSE96769#SRR5354963","GMP","BM0828",9,3,3,4
"GSE96769#SRR5356100","GMP-C","BM1137",4,1,1,0
"GSE96769#SRR5353741","HSC","BM0828",8,1,5,6
"GSE96769#SRR5354811","CMP","BM0828",8,0,0,2
"GSE96769#SRR5355760","pDC","BM1214",9,3,3,4
"GSE96769#SRR5355796","UNK","BM0106",4,1,1,0
"GSE96769#SRR5353404","HSC","BM1077",6,0,0,3
"GSE96769#SRR5354155","CMP","BM1077",7,2,2,1
"GSE96769#SRR5354653","CMP","BM1214",7,2,2,1
"GSE96769#SRR5353830","HSC","BM0828",8,0,0,3
"GSE96769#SRR5353862","MPP","BM1077",6,0,0,3
"GSE96769#SRR5353945","MPP","BM1077",6,0,0,3
"GSE96769#SRR5354185","CMP","BM1077",7,2,2,1
"GSE96769#SRR5353399","HSC","BM1077",6,0,0,3
"GSE96769#SRR5354925","GMP","BM0828",4,1,1,0
"GSE96769#SRR5353808","HSC","BM0828",8,0,0,3
"GSE96769#SRR5356024","GMP-B","BM1137",4,1,1,0
"GSE96769#SRR5353600","HSC","BM0106",6,0,0,3
"GSE96769#SRR5353662","HSC","BM0106",6,0,0,3
"GSE96769#SRR5354441","CMP","BM1214",7,2,2,1
"GSE96769#SRR5355320","MEP","BM4983",1,2,4,5
"GSE96769#SRR5354243","CMP","BM1137",3,5,7,9
"GSE96769#SRR5353682","HSC","BM0828",8,0,0,2
"GSE96769#SRR5356077","GMP-C","BM1137",4,1,1,0
"GSE96769#SRR5353851","HSC","BM0828",8,0,0,2
"GSE96769#SRR5354966","GMP","BM0828",4,1,1,0
"GSE96769#SRR5354349","CMP","BM1077",7,2,2,1
"GSE96769#SRR5354711","CMP","BM1214",7,2,2,7
"GSE96769#SRR5354530","CMP","BM1137",8,2,2,1
"GSE96769#SRR5353916","MPP","BM1077",6,0,0,3
"GSE96769#SRR5354929","GMP","BM0828",4,1,1,0
"GSE96769#SRR5354731","CMP","BM0828",8,2,2,1
"GSE96769#SRR5354761","CMP","BM0828",7,2,2,1
"GSE96769#SRR5354979","GMP","BM0828",5,1,5,6
"GSE96769#SRR5356069","GMP-C","BM1137",4,1,1,0
"GSE96769#SRR5353943","MPP","BM1077",6,0,0,3
"GSE96769#SRR5354418","CMP","BM1077",7,0,0,3
"GSE96769#SRR5353918","MPP","BM1077",6,0,0,3
"GSE96769#SRR5354659","CMP","BM1214",7,2,2,7
"GSE96769#SRR5354298","CMP","BM1137",3,5,7,9
"GSE96769#SRR5353421","HSC","BM1077",6,0,0,3
"GSE96769#SRR5354570","CMP","BM1137",7,2,2,1
"GSE96769#SRR5355640","pDC","BM1137",9,3,3,4
"GSE96769#SRR5354917","GMP","BM0828",5,1,1,0
"GSE96769#SRR5354028","MPP","BM0828",8,2,2,1
"GSE96769#SRR5354753","CMP","BM0828",8,2,2,7
"GSE96769#SRR5353742","HSC","BM0828",8,0,0,2
"GSE96769#SRR5354257","CMP","BM1137",3,5,7,9
"GSE96769#SRR5354425","CMP","BM1077",7,0,0,3
"GSE96769#SRR5353683","HSC","BM0828",8,0,0,3
"GSE96769#SRR5354431","CMP","BM1077",7,1,1,0
"GSE96769#SRR5353549","HSC","BM0106",6,0,0,3
"GSE96769#SRR5354317","CMP","BM1137",3,5,7,9
"GSE96769#SRR5354563","CMP","BM1137",7,2,2,7
"GSE96769#SRR5353482","HSC","BM0106",6,0,0,3
"GSE96769#SRR5353523","HSC","BM0106",6,0,0,3
