"","Celltype","ArchR.cluster","Clusters.res_1","Clusters.res_1.5","Clusters.res_2"
"GSE96769#SRR5355645","pDC",9,"3","3","4"
"GSE96769#SRR5355762","pDC",9,"3","3","4"
"GSE96769#SRR5355592","pDC",9,"3","3","4"
"GSE96769#SRR5355190","MEP",1,"2","4","5"
"GSE96769#SRR5355243","MEP",2,"2","4","5"
"GSE96769#SRR5355244","MEP",2,"2","4","5"
"GSE96769#SRR5355856","UNK",4,"1","1","0"
"GSE96769#SRR5355199","MEP",2,"2","4","5"
"GSE96769#SRR5354392","CMP",7,"1","5","7"
"GSE96769#SRR5354143","LMPP",5,"1","5","6"
"GSE96769#SRR5354420","CMP",7,"2","2","1"
"GSE96769#SRR5355305","MEP",1,"2","4","5"
"GSE96769#SRR5355858","UNK",4,"1","1","0"
"GSE96769#SRR5355921","GMP-A",4,"1","1","0"
"GSE96769#SRR5355059","GMP",5,"1","5","6"
"GSE96769#SRR5354051","LMPP",5,"1","5","6"
"GSE96769#SRR5353541","HSC",6,"0","0","2"
"GSE96769#SRR5355624","pDC",9,"3","3","4"
"GSE96769#SRR5354818","GMP",4,"1","1","0"
"GSE96769#SRR5355095","GMP",4,"1","1","0"
"GSE96769#SRR5353441","HSC",6,"0","0","2"
"GSE96769#SRR5355560","CLP",10,"4","6","8"
"GSE96769#SRR5355587","pDC",9,"3","3","4"
"GSE96769#SRR5355753","pDC",9,"3","3","4"
"GSE96769#SRR5355859","UNK",4,"1","1","0"
"GSE96769#SRR5355875","GMP-A",4,"1","1","0"
"GSE96769#SRR5354308","CMP",3,"5","7","9"
"GSE96769#SRR5355267","MEP",2,"2","4","5"
"GSE96769#SRR5354582","CMP",7,"2","2","1"
"GSE96769#SRR5355871","GMP-A",4,"1","1","0"
"GSE96769#SRR5354022","MPP",8,"2","2","7"
"GSE96769#SRR5355876","GMP-A",4,"1","1","0"
"GSE96769#SRR5356134","GMP-C",4,"1","1","6"
"GSE96769#SRR5355031","GMP",5,"1","5","6"
"GSE96769#SRR5355237","MEP",2,"2","4","5"
"GSE96769#SRR5355887","GMP-A",10,"4","6","8"
"GSE96769#SRR5355958","GMP-A",4,"1","1","0"
"GSE96769#SRR5354531","CMP",1,"2","4","5"
"GSE96769#SRR5356087","GMP-C",4,"1","1","0"
"GSE96769#SRR5354478","CMP",7,"2","2","1"
"GSE96769#SRR5355666","pDC",9,"3","3","4"
"GSE96769#SRR5354474","CMP",7,"2","2","1"
"GSE96769#SRR5354755","CMP",8,"2","2","1"
"GSE96769#SRR5355908","GMP-A",4,"1","1","0"
"GSE96769#SRR5354507","CMP",7,"2","2","1"
"GSE96769#SRR5354448","CMP",7,"2","2","1"
"GSE96769#SRR5355251","MEP",2,"2","4","5"
"GSE96769#SRR5355057","GMP",4,"1","1","0"
"GSE96769#SRR5355481","CLP",10,"4","6","8"
"GSE96769#SRR5356016","GMP-B",4,"1","1","0"
"GSE96769#SRR5355157","MEP",1,"2","4","5"
"GSE96769#SRR5354388","CMP",7,"2","2","7"
"GSE96769#SRR5355975","GMP-B",5,"1","1","6"
"GSE96769#SRR5354887","GMP",4,"1","1","0"
"GSE96769#SRR5353478","HSC",6,"0","5","6"
"GSE96769#SRR5354479","CMP",7,"2","2","1"
"GSE96769#SRR5355968","GMP-B",4,"1","1","0"
"GSE96769#SRR5356095","GMP-C",4,"1","1","0"
"GSE96769#SRR5354385","CMP",7,"2","2","1"
"GSE96769#SRR5355211","MEP",2,"2","4","5"
"GSE96769#SRR5356129","GMP-C",4,"3","3","4"
"GSE96769#SRR5356059","GMP-B",4,"1","1","6"
"GSE96769#SRR5355260","MEP",2,"2","4","5"
"GSE96769#SRR5355032","GMP",4,"1","1","0"
"GSE96769#SRR5355084","GMP",4,"1","1","0"
"GSE96769#SRR5355075","GMP",4,"1","1","0"
"GSE96769#SRR5356092","GMP-C",4,"1","1","0"
"GSE96769#SRR5355837","UNK",4,"1","1","0"
"GSE96769#SRR5354215","CMP",7,"2","2","1"
"GSE96769#SRR5356148","GMP-C",4,"1","1","0"
"GSE96769#SRR5356149","GMP-C",4,"1","1","0"
"GSE96769#SRR5355941","GMP-A",4,"1","1","0"
"GSE96769#SRR5355807","UNK",4,"1","1","0"
"GSE96769#SRR5355245","MEP",2,"2","4","5"
"GSE96769#SRR5355118","MEP",1,"2","4","5"
"GSE96769#SRR5354410","CMP",7,"2","2","1"
"GSE96769#SRR5354397","CMP",7,"2","2","1"
"GSE96769#SRR5354701","CMP",6,"0","0","3"
"GSE96769#SRR5354456","CMP",7,"2","2","1"
"GSE96769#SRR5355085","GMP",4,"1","1","0"
"GSE96769#SRR5355067","GMP",4,"1","1","0"
"GSE96769#SRR5354717","CMP",7,"2","2","1"
"GSE96769#SRR5355523","CLP",10,"4","6","8"
"GSE96769#SRR5354824","GMP",4,"1","1","0"
"GSE96769#SRR5355722","pDC",9,"3","3","4"
"GSE96769#SRR5356117","GMP-C",4,"1","1","0"
"GSE96769#SRR5353596","HSC",6,"0","0","3"
"GSE96769#SRR5356098","GMP-C",4,"1","1","0"
"GSE96769#SRR5354406","CMP",7,"2","2","1"
"GSE96769#SRR5353409","HSC",6,"0","0","3"
"GSE96769#SRR5354416","CMP",6,"2","2","1"
"GSE96769#SRR5354402","CMP",7,"2","2","7"
"GSE96769#SRR5354783","CMP",8,"2","2","7"
"GSE96769#SRR5355898","GMP-A",4,"1","1","0"
"GSE96769#SRR5354631","CMP",7,"0","0","2"
"GSE96769#SRR5356147","GMP-C",4,"1","1","0"
"GSE96769#SRR5355870","GMP-A",4,"1","1","0"
"GSE96769#SRR5356106","GMP-C",4,"1","1","0"
"GSE96769#SRR5353634","HSC",6,"0","0","2"
"GSE96769#SRR5353522","HSC",6,"1","5","6"
"GSE96769#SRR5353516","HSC",6,"0","0","3"
"GSE96769#SRR5355708","pDC",9,"3","3","4"
"GSE96769#SRR5354628","CMP",4,"1","1","7"
"GSE96769#SRR5355246","MEP",2,"2","4","5"
"GSE96769#SRR5356139","GMP-C",9,"3","3","4"
"GSE96769#SRR5354481","CMP",7,"1","5","6"
"GSE96769#SRR5355751","pDC",9,"3","3","4"
"GSE96769#SRR5355229","MEP",2,"2","4","5"
"GSE96769#SRR5355275","MEP",2,"2","4","5"
"GSE96769#SRR5354313","CMP",3,"5","7","9"
"GSE96769#SRR5353835","HSC",8,"0","0","2"
"GSE96769#SRR5354387","CMP",7,"2","2","1"
"GSE96769#SRR5355062","GMP",4,"1","5","7"
"GSE96769#SRR5356007","GMP-B",4,"1","1","0"
"GSE96769#SRR5355261","MEP",2,"2","2","1"
"GSE96769#SRR5354287","CMP",1,"2","4","5"
"GSE96769#SRR5355679","pDC",9,"3","3","4"
"GSE96769#SRR5354429","CMP",8,"2","2","1"
"GSE96769#SRR5356126","GMP-C",4,"1","1","0"
"GSE96769#SRR5354008","MPP",2,"2","4","5"
"GSE96769#SRR5355923","GMP-A",4,"1","1","0"
"GSE96769#SRR5356041","GMP-B",4,"1","1","0"
"GSE96769#SRR5355866","UNK",4,"1","1","6"
"GSE96769#SRR5355836","UNK",4,"1","1","0"
"GSE96769#SRR5354088","LMPP",5,"1","5","6"
"GSE96769#SRR5355925","GMP-A",4,"1","1","0"
"GSE96769#SRR5353593","HSC",6,"0","0","2"
"GSE96769#SRR5355259","MEP",2,"2","4","5"
"GSE96769#SRR5355791","UNK",4,"1","5","6"
"GSE96769#SRR5355236","MEP",2,"2","4","5"
"GSE96769#SRR5355657","pDC",9,"3","3","4"
"GSE96769#SRR5355120","MEP",1,"2","4","5"
"GSE96769#SRR5355882","GMP-A",4,"1","1","0"
"GSE96769#SRR5353615","HSC",6,"0","0","2"
"GSE96769#SRR5354513","CMP",7,"2","2","1"
"GSE96769#SRR5355039","GMP",4,"1","1","0"
"GSE96769#SRR5354081","LMPP",5,"1","5","6"
"GSE96769#SRR5355671","pDC",9,"3","3","4"
"GSE96769#SRR5355240","MEP",2,"2","4","5"
"GSE96769#SRR5355947","GMP-A",4,"1","1","0"
"GSE96769#SRR5354184","CMP",7,"2","2","7"
"GSE96769#SRR5354909","GMP",4,"1","1","0"
"GSE96769#SRR5354611","CMP",7,"2","2","1"
"GSE96769#SRR5356055","GMP-B",4,"1","1","0"
"GSE96769#SRR5355835","UNK",4,"1","1","0"
"GSE96769#SRR5355068","GMP",4,"1","1","0"
"GSE96769#SRR5353550","HSC",6,"0","0","2"
"GSE96769#SRR5355511","CLP",10,"4","6","8"
"GSE96769#SRR5354508","CMP",7,"2","2","1"
"GSE96769#SRR5355017","GMP",4,"1","1","0"
"GSE96769#SRR5355126","MEP",1,"2","4","5"
"GSE96769#SRR5355999","GMP-B",4,"1","1","0"
"GSE96769#SRR5354326","CMP",3,"5","7","9"
"GSE96769#SRR5354330","CMP",7,"5","7","9"
"GSE96769#SRR5354398","CMP",2,"2","4","5"
"GSE96769#SRR5354307","CMP",3,"5","7","9"
"GSE96769#SRR5355280","MEP",2,"2","4","5"
"GSE96769#SRR5355231","MEP",2,"2","4","5"
"GSE96769#SRR5354503","CMP",6,"0","0","2"
"GSE96769#SRR5356132","GMP-C",4,"1","1","0"
"GSE96769#SRR5355290","MEP",2,"2","4","5"
"GSE96769#SRR5353498","HSC",6,"0","0","3"
"GSE96769#SRR5355942","GMP-A",4,"1","1","0"
"GSE96769#SRR5355500","CLP",10,"4","6","8"
"GSE96769#SRR5353509","HSC",6,"0","0","2"
"GSE96769#SRR5354140","LMPP",5,"1","5","6"
"GSE96769#SRR5354285","CMP",7,"5","7","9"
"GSE96769#SRR5356010","GMP-B",4,"1","1","0"
"GSE96769#SRR5354571","CMP",7,"0","0","2"
"GSE96769#SRR5355111","MEP",1,"2","4","5"
"GSE96769#SRR5355223","MEP",2,"2","4","5"
"GSE96769#SRR5355278","MEP",2,"2","4","5"
"GSE96769#SRR5355499","CLP",5,"4","6","8"
"GSE96769#SRR5355695","pDC",9,"3","3","4"
"GSE96769#SRR5356064","GMP-C",4,"1","1","0"
"GSE96769#SRR5355130","MEP",1,"2","4","5"
"GSE96769#SRR5355018","GMP",4,"1","1","0"
"GSE96769#SRR5354484","CMP",6,"0","0","2"
"GSE96769#SRR5355985","GMP-B",4,"1","1","0"
"GSE96769#SRR5355625","pDC",9,"3","3","4"
"GSE96769#SRR5353982","MPP",8,"2","4","5"
"GSE96769#SRR5356085","GMP-C",4,"1","1","0"
"GSE96769#SRR5355822","UNK",4,"1","1","0"
"GSE96769#SRR5354282","CMP",7,"2","2","1"
"GSE96769#SRR5355746","pDC",9,"3","3","4"
"GSE96769#SRR5355207","MEP",2,"2","4","5"
"GSE96769#SRR5354433","CMP",7,"2","2","1"
"GSE96769#SRR5354771","CMP",8,"2","2","1"
"GSE96769#SRR5356013","GMP-B",4,"1","1","0"
"GSE96769#SRR5356112","GMP-C",4,"1","1","0"
"GSE96769#SRR5355119","MEP",1,"2","4","5"
"GSE96769#SRR5353388","HSC",6,"0","0","2"
"GSE96769#SRR5355784","UNK",4,"1","1","0"
"GSE96769#SRR5355088","GMP",4,"1","1","0"
"GSE96769#SRR5355844","UNK",4,"1","1","0"
"GSE96769#SRR5354270","CMP",4,"5","7","9"
"GSE96769#SRR5353974","MPP",8,"2","2","1"
"GSE96769#SRR5355077","GMP",4,"1","1","0"
"GSE96769#SRR5355152","MEP",1,"2","4","5"
"GSE96769#SRR5355748","pDC",9,"3","3","4"
"GSE96769#SRR5355578","CLP",10,"4","6","8"
"GSE96769#SRR5354679","CMP",7,"2","2","1"
"GSE96769#SRR5355589","pDC",9,"3","3","4"
"GSE96769#SRR5355035","GMP",4,"1","5","6"
"GSE96769#SRR5355197","MEP",2,"2","4","5"
"GSE96769#SRR5355159","MEP",1,"2","4","5"
"GSE96769#SRR5355776","UNK",4,"1","1","0"
"GSE96769#SRR5354348","CMP",4,"1","1","7"
"GSE96769#SRR5356048","GMP-B",4,"1","1","0"
"GSE96769#SRR5354294","CMP",7,"2","2","1"
"GSE96769#SRR5353528","HSC",6,"0","0","3"
"GSE96769#SRR5353811","HSC",8,"0","0","2"
"GSE96769#SRR5353640","HSC",6,"0","0","2"
"GSE96769#SRR5354016","MPP",8,"2","2","7"
"GSE96769#SRR5354722","CMP",7,"2","2","1"
"GSE96769#SRR5355226","MEP",2,"2","4","5"
"GSE96769#SRR5354135","LMPP",5,"1","5","6"
"GSE96769#SRR5355040","GMP",4,"1","1","0"
"GSE96769#SRR5354339","CMP",7,"0","0","2"
"GSE96769#SRR5356145","GMP-C",4,"1","1","0"
"GSE96769#SRR5354361","CMP",7,"2","2","7"
"GSE96769#SRR5354265","CMP",3,"5","7","9"
"GSE96769#SRR5354454","CMP",7,"2","2","1"
"GSE96769#SRR5356023","GMP-B",4,"1","1","0"
"GSE96769#SRR5356116","GMP-C",4,"1","1","0"
"GSE96769#SRR5354105","LMPP",5,"1","5","6"
"GSE96769#SRR5354346","CMP",7,"1","1","0"
"GSE96769#SRR5355087","GMP",4,"1","1","0"
"GSE96769#SRR5354133","LMPP",5,"1","5","6"
"GSE96769#SRR5355764","pDC",9,"3","3","4"
"GSE96769#SRR5354586","CMP",7,"2","2","1"
"GSE96769#SRR5355880","GMP-A",4,"1","1","0"
"GSE96769#SRR5353563","HSC",6,"0","0","3"
"GSE96769#SRR5355639","pDC",9,"3","3","4"
"GSE96769#SRR5354705","CMP",6,"0","0","7"
"GSE96769#SRR5356119","GMP-C",4,"1","1","0"
"GSE96769#SRR5354634","CMP",7,"0","0","2"
"GSE96769#SRR5355769","pDC",9,"3","3","4"
"GSE96769#SRR5354893","GMP",4,"1","1","0"
"GSE96769#SRR5355284","MEP",2,"2","4","5"
"GSE96769#SRR5355156","MEP",1,"2","4","5"
"GSE96769#SRR5355201","MEP",2,"2","4","5"
"GSE96769#SRR5356078","GMP-C",5,"1","1","0"
"GSE96769#SRR5354053","LMPP",5,"1","5","6"
"GSE96769#SRR5354278","CMP",3,"5","7","9"
"GSE96769#SRR5355933","GMP-A",4,"1","1","0"
"GSE96769#SRR5355011","GMP",4,"1","1","0"
"GSE96769#SRR5356107","GMP-C",4,"1","1","0"
"GSE96769#SRR5354337","CMP",7,"2","2","1"
"GSE96769#SRR5355545","CLP",10,"4","6","8"
"GSE96769#SRR5354371","CMP",7,"2","2","1"
"GSE96769#SRR5353602","HSC",6,"0","0","2"
"GSE96769#SRR5355750","pDC",9,"3","3","4"
"GSE96769#SRR5354754","CMP",7,"2","2","1"
"GSE96769#SRR5355009","GMP",4,"1","1","0"
"GSE96769#SRR5353744","HSC",8,"0","0","2"
"GSE96769#SRR5355575","CLP",10,"4","6","8"
"GSE96769#SRR5355690","pDC",9,"3","3","4"
"GSE96769#SRR5354126","LMPP",5,"1","5","6"
"GSE96769#SRR5355706","pDC",9,"3","3","4"
"GSE96769#SRR5355023","GMP",4,"1","1","0"
"GSE96769#SRR5354807","CMP",8,"0","0","2"
"GSE96769#SRR5353737","HSC",8,"0","0","2"
"GSE96769#SRR5353564","HSC",6,"0","0","3"
"GSE96769#SRR5355948","GMP-A",4,"1","1","0"
"GSE96769#SRR5354098","LMPP",5,"1","5","6"
"GSE96769#SRR5354442","CMP",7,"0","5","7"
"GSE96769#SRR5354400","CMP",7,"1","1","7"
"GSE96769#SRR5355044","GMP",4,"1","1","0"
"GSE96769#SRR5355910","GMP-A",4,"1","1","0"
"GSE96769#SRR5354284","CMP",3,"5","7","9"
"GSE96769#SRR5354775","CMP",8,"2","2","7"
"GSE96769#SRR5355497","CLP",10,"4","6","8"
"GSE96769#SRR5355070","GMP",4,"1","1","0"
"GSE96769#SRR5355702","pDC",9,"3","3","4"
"GSE96769#SRR5355092","GMP",9,"3","3","4"
"GSE96769#SRR5355050","GMP",4,"1","1","0"
"GSE96769#SRR5354138","LMPP",5,"1","5","6"
"GSE96769#SRR5355862","UNK",4,"1","1","0"
"GSE96769#SRR5355842","UNK",4,"1","1","0"
"GSE96769#SRR5354725","CMP",8,"2","2","1"
"GSE96769#SRR5355867","UNK",4,"1","1","0"
"GSE96769#SRR5353981","MPP",8,"0","0","2"
"GSE96769#SRR5355235","MEP",2,"2","4","5"
"GSE96769#SRR5355694","pDC",9,"3","3","4"
"GSE96769#SRR5355160","MEP",1,"2","4","5"
"GSE96769#SRR5354512","CMP",7,"2","2","1"
"GSE96769#SRR5355514","CLP",8,"1","5","6"
"GSE96769#SRR5355164","MEP",1,"2","4","5"
"GSE96769#SRR5353696","HSC",8,"0","0","2"
"GSE96769#SRR5354090","LMPP",5,"1","5","6"
"GSE96769#SRR5353708","HSC",8,"0","0","2"
"GSE96769#SRR5355491","CLP",10,"4","6","8"
"GSE96769#SRR5353597","HSC",6,"0","0","2"
"GSE96769#SRR5354118","LMPP",5,"1","5","6"
"GSE96769#SRR5355691","pDC",9,"3","3","4"
"GSE96769#SRR5355133","MEP",1,"2","4","5"
"GSE96769#SRR5354017","MPP",8,"0","0","2"
"GSE96769#SRR5355141","MEP",1,"2","4","5"
"GSE96769#SRR5354750","CMP",7,"2","2","1"
"GSE96769#SRR5354229","CMP",7,"2","2","1"
"GSE96769#SRR5353874","MPP",6,"0","0","2"
"GSE96769#SRR5355216","MEP",2,"2","4","5"
"GSE96769#SRR5355767","pDC",9,"3","3","4"
"GSE96769#SRR5355147","MEP",1,"2","4","5"
"GSE96769#SRR5354136","LMPP",5,"1","5","6"
"GSE96769#SRR5353417","HSC",6,"0","5","7"
"GSE96769#SRR5353728","HSC",8,"0","0","2"
"GSE96769#SRR5355146","MEP",1,"2","4","5"
"GSE96769#SRR5355638","pDC",9,"3","3","4"
"GSE96769#SRR5355878","GMP-A",4,"1","1","0"
"GSE96769#SRR5353638","HSC",6,"0","0","2"
"GSE96769#SRR5353422","HSC",6,"0","0","2"
"GSE96769#SRR5355914","GMP-A",4,"1","1","0"
"GSE96769#SRR5355798","UNK",4,"1","1","0"
"GSE96769#SRR5354137","LMPP",5,"1","5","6"
"GSE96769#SRR5355634","pDC",9,"3","3","4"
"GSE96769#SRR5355945","GMP-A",4,"1","1","0"
"GSE96769#SRR5354103","LMPP",5,"1","5","6"
"GSE96769#SRR5354672","CMP",7,"2","2","1"
"GSE96769#SRR5355710","pDC",9,"3","3","4"
"GSE96769#SRR5356105","GMP-C",4,"1","1","0"
"GSE96769#SRR5354369","CMP",7,"2","2","1"
"GSE96769#SRR5355270","MEP",2,"2","4","5"
"GSE96769#SRR5355662","pDC",9,"3","3","4"
"GSE96769#SRR5355288","MEP",2,"2","4","5"
"GSE96769#SRR5354487","CMP",7,"2","2","1"
"GSE96769#SRR5354550","CMP",7,"2","2","7"
"GSE96769#SRR5355814","UNK",4,"1","1","0"
"GSE96769#SRR5355213","MEP",2,"2","4","5"
"GSE96769#SRR5355956","GMP-A",4,"1","1","0"
"GSE96769#SRR5356086","GMP-C",4,"1","1","0"
"GSE96769#SRR5355782","UNK",4,"1","1","0"
"GSE96769#SRR5354502","CMP",7,"2","2","1"
"GSE96769#SRR5354295","CMP",7,"1","7","9"
"GSE96769#SRR5355588","pDC",9,"3","3","4"
"GSE96769#SRR5355806","UNK",4,"1","1","0"
"GSE96769#SRR5354612","CMP",7,"0","0","2"
"GSE96769#SRR5355268","MEP",2,"2","4","5"
"GSE96769#SRR5353464","HSC",6,"1","5","6"
"GSE96769#SRR5355955","GMP-A",4,"1","1","0"
"GSE96769#SRR5355594","pDC",9,"3","3","4"
"GSE96769#SRR5355688","pDC",9,"3","3","4"
"GSE96769#SRR5353865","MPP",6,"0","0","2"
"GSE96769#SRR5355615","pDC",9,"3","3","4"
"GSE96769#SRR5354774","CMP",7,"2","2","1"
"GSE96769#SRR5354414","CMP",7,"2","2","7"
"GSE96769#SRR5354443","CMP",6,"0","0","3"
"GSE96769#SRR5355110","MEP",1,"2","4","5"
"GSE96769#SRR5356009","GMP-B",4,"1","1","0"
"GSE96769#SRR5354374","CMP",7,"2","2","1"
"GSE96769#SRR5354791","CMP",8,"2","2","1"
"GSE96769#SRR5355072","GMP",4,"1","1","0"
"GSE96769#SRR5355093","GMP",4,"1","1","0"
"GSE96769#SRR5353656","HSC",6,"0","0","3"
"GSE96769#SRR5354108","LMPP",5,"1","5","6"
"GSE96769#SRR5356109","GMP-C",4,"1","1","0"
"GSE96769#SRR5355800","UNK",4,"1","1","0"
"GSE96769#SRR5354602","CMP",7,"2","2","1"
"GSE96769#SRR5355815","UNK",4,"1","1","0"
"GSE96769#SRR5353749","HSC",8,"0","0","2"
"GSE96769#SRR5355809","UNK",4,"1","1","0"
"GSE96769#SRR5354816","CMP",8,"2","2","1"
"GSE96769#SRR5355930","GMP-A",4,"1","1","0"
"GSE96769#SRR5355531","CLP",8,"4","6","8"
"GSE96769#SRR5354528","CMP",7,"2","2","1"
"GSE96769#SRR5354251","CMP",6,"0","0","2"
"GSE96769#SRR5354075","LMPP",5,"1","5","6"
"GSE96769#SRR5354292","CMP",3,"5","7","9"
"GSE96769#SRR5354104","LMPP",5,"1","5","6"
"GSE96769#SRR5355770","pDC",9,"3","3","4"
"GSE96769#SRR5354124","LMPP",5,"1","5","6"
"GSE96769#SRR5353704","HSC",8,"0","0","2"
"GSE96769#SRR5355741","pDC",9,"3","3","4"
"GSE96769#SRR5354485","CMP",7,"2","2","7"
"GSE96769#SRR5353883","MPP",6,"2","5","7"
"GSE96769#SRR5355501","CLP",10,"4","6","8"
"GSE96769#SRR5356027","GMP-B",4,"1","1","0"
"GSE96769#SRR5354280","CMP",1,"2","4","5"
"GSE96769#SRR5355025","GMP",4,"1","1","0"
"GSE96769#SRR5354745","CMP",1,"2","2","1"
"GSE96769#SRR5355041","GMP",4,"1","1","0"
"GSE96769#SRR5355495","CLP",10,"4","6","8"
"GSE96769#SRR5354500","CMP",7,"2","2","7"
"GSE96769#SRR5355303","MEP",1,"2","4","5"
"GSE96769#SRR5354786","CMP",8,"2","2","1"
"GSE96769#SRR5354684","CMP",7,"0","2","1"
"GSE96769#SRR5353941","MPP",6,"0","0","3"
"GSE96769#SRR5355953","GMP-A",4,"1","1","0"
"GSE96769#SRR5354483","CMP",7,"2","2","1"
"GSE96769#SRR5355937","GMP-A",4,"1","1","0"
"GSE96769#SRR5353379","HSC",6,"0","0","3"
"GSE96769#SRR5355726","pDC",9,"3","3","4"
"GSE96769#SRR5354781","CMP",7,"2","2","1"
"GSE96769#SRR5355579","CLP",10,"4","6","8"
"GSE96769#SRR5355082","GMP",4,"1","1","0"
"GSE96769#SRR5353804","HSC",8,"0","0","2"
"GSE96769#SRR5355554","CLP",10,"4","6","8"
"GSE96769#SRR5354113","LMPP",5,"1","5","6"
"GSE96769#SRR5354250","CMP",3,"5","7","9"
"GSE96769#SRR5354372","CMP",6,"0","0","2"
"GSE96769#SRR5355874","GMP-A",4,"1","1","0"
"GSE96769#SRR5354752","CMP",8,"0","0","2"
"GSE96769#SRR5356140","GMP-C",4,"1","1","4"
"GSE96769#SRR5353562","HSC",6,"0","0","2"
"GSE96769#SRR5353986","MPP",8,"2","2","1"
"GSE96769#SRR5355037","GMP",4,"1","1","0"
"GSE96769#SRR5353449","HSC",6,"0","0","3"
"GSE96769#SRR5354907","GMP",4,"1","1","0"
"GSE96769#SRR5354445","CMP",7,"2","2","1"
"GSE96769#SRR5354533","CMP",1,"2","2","1"
"GSE96769#SRR5354130","LMPP",5,"1","5","6"
"GSE96769#SRR5355819","UNK",4,"1","1","0"
"GSE96769#SRR5355744","pDC",9,"3","3","4"
"GSE96769#SRR5355563","CLP",10,"4","6","8"
"GSE96769#SRR5353979","MPP",8,"0","0","2"
"GSE96769#SRR5354464","CMP",7,"2","2","1"
"GSE96769#SRR5355222","MEP",2,"2","4","5"
"GSE96769#SRR5355264","MEP",2,"2","4","5"
"GSE96769#SRR5355869","GMP-A",4,"1","1","0"
"GSE96769#SRR5355366","MEP",7,"2","2","1"
"GSE96769#SRR5355581","pDC",9,"3","3","4"
"GSE96769#SRR5354315","CMP",3,"5","7","9"
"GSE96769#SRR5353715","HSC",8,"0","0","2"
"GSE96769#SRR5356033","GMP-B",4,"1","1","0"
"GSE96769#SRR5354461","CMP",7,"2","2","1"
"GSE96769#SRR5355861","UNK",4,"1","1","0"
"GSE96769#SRR5355689","pDC",9,"3","3","4"
"GSE96769#SRR5354306","CMP",3,"5","7","9"
"GSE96769#SRR5355963","GMP-A",4,"1","5","6"
"GSE96769#SRR5354746","CMP",8,"0","2","7"
"GSE96769#SRR5354211","CMP",6,"0","0","2"
"GSE96769#SRR5353517","HSC",6,"0","2","7"
"GSE96769#SRR5353922","MPP",6,"0","0","2"
"GSE96769#SRR5354814","CMP",8,"2","2","1"
"GSE96769#SRR5355150","MEP",1,"2","4","5"
"GSE96769#SRR5353812","HSC",8,"0","0","2"
"GSE96769#SRR5355051","GMP",4,"1","1","0"
"GSE96769#SRR5354480","CMP",7,"2","2","1"
"GSE96769#SRR5355298","MEP",1,"2","4","5"
"GSE96769#SRR5353418","HSC",6,"0","0","2"
"GSE96769#SRR5354463","CMP",7,"2","2","7"
"GSE96769#SRR5355498","CLP",10,"4","6","8"
"GSE96769#SRR5354129","LMPP",5,"1","5","6"
"GSE96769#SRR5355656","pDC",9,"3","3","4"
"GSE96769#SRR5354052","LMPP",5,"1","5","6"
"GSE96769#SRR5353434","HSC",6,"0","0","3"
"GSE96769#SRR5353677","HSC",8,"0","0","2"
"GSE96769#SRR5354868","GMP",4,"1","1","0"
"GSE96769#SRR5354789","CMP",8,"2","5","6"
"GSE96769#SRR5353623","HSC",6,"0","0","3"
"GSE96769#SRR5355321","MEP",1,"2","2","1"
"GSE96769#SRR5354253","CMP",3,"5","7","9"
"GSE96769#SRR5355915","GMP-A",4,"1","1","0"
"GSE96769#SRR5355756","pDC",9,"3","3","4"
"GSE96769#SRR5355883","GMP-A",4,"1","1","0"
"GSE96769#SRR5354089","LMPP",5,"1","5","6"
"GSE96769#SRR5355140","MEP",1,"2","4","5"
"GSE96769#SRR5356124","GMP-C",4,"1","1","0"
"GSE96769#SRR5356093","GMP-C",4,"1","1","0"
"GSE96769#SRR5354766","CMP",8,"0","0","2"
"GSE96769#SRR5354273","CMP",3,"5","7","9"
"GSE96769#SRR5353416","HSC",6,"0","0","2"
"GSE96769#SRR5354517","CMP",7,"2","2","7"
"GSE96769#SRR5354609","CMP",7,"0","0","7"
"GSE96769#SRR5355548","CLP",10,"4","6","8"
"GSE96769#SRR5354795","CMP",8,"2","2","7"
"GSE96769#SRR5354027","MPP",8,"0","0","2"
"GSE96769#SRR5354219","CMP",7,"2","2","1"
"GSE96769#SRR5354304","CMP",4,"5","7","9"
"GSE96769#SRR5355674","pDC",9,"3","3","4"
"GSE96769#SRR5355034","GMP",9,"3","3","4"
"GSE96769#SRR5353468","HSC",6,"0","0","2"
"GSE96769#SRR5354452","CMP",7,"2","2","1"
"GSE96769#SRR5354514","CMP",6,"0","0","2"
"GSE96769#SRR5354167","CMP",7,"2","2","7"
"GSE96769#SRR5354796","CMP",7,"2","2","1"
"GSE96769#SRR5354058","LMPP",5,"1","5","6"
"GSE96769#SRR5353937","MPP",6,"0","0","3"
"GSE96769#SRR5355611","pDC",9,"3","3","4"
"GSE96769#SRR5356150","GMP-C",4,"1","1","0"
"GSE96769#SRR5354427","CMP",7,"2","2","7"
"GSE96769#SRR5355909","GMP-A",4,"1","1","0"
"GSE96769#SRR5353603","HSC",6,"0","0","3"
"GSE96769#SRR5354020","MPP",8,"2","2","1"
"GSE96769#SRR5353679","HSC",8,"0","0","2"
"GSE96769#SRR5354495","CMP",7,"0","0","3"
"GSE96769#SRR5355703","pDC",9,"3","3","4"
"GSE96769#SRR5354842","GMP",4,"1","1","6"
"GSE96769#SRR5354492","CMP",7,"2","2","1"
"GSE96769#SRR5353703","HSC",8,"0","0","2"
"GSE96769#SRR5353951","MPP",6,"0","0","2"
"GSE96769#SRR5355510","CLP",10,"4","6","8"
"GSE96769#SRR5354100","LMPP",5,"1","5","6"
"GSE96769#SRR5354205","CMP",6,"0","5","6"
"GSE96769#SRR5354128","LMPP",5,"1","5","6"
"GSE96769#SRR5354738","CMP",8,"0","2","2"
"GSE96769#SRR5355530","CLP",10,"4","6","8"
"GSE96769#SRR5353972","MPP",2,"2","4","5"
"GSE96769#SRR5355827","UNK",4,"1","1","0"
"GSE96769#SRR5355904","GMP-A",4,"1","1","0"
"GSE96769#SRR5355653","pDC",9,"3","3","4"
"GSE96769#SRR5354262","CMP",3,"5","7","9"
"GSE96769#SRR5353451","HSC",6,"0","0","2"
"GSE96769#SRR5353538","HSC",6,"0","0","3"
"GSE96769#SRR5354724","CMP",7,"2","2","1"
"GSE96769#SRR5355282","MEP",2,"2","4","5"
"GSE96769#SRR5355627","pDC",9,"3","3","4"
"GSE96769#SRR5355013","GMP",4,"1","1","0"
"GSE96769#SRR5355778","UNK",4,"1","1","0"
"GSE96769#SRR5355537","CLP",10,"4","6","8"
"GSE96769#SRR5354386","CMP",7,"2","2","1"
"GSE96769#SRR5353559","HSC",6,"0","0","3"
"GSE96769#SRR5354467","CMP",7,"1","2","7"
"GSE96769#SRR5355911","GMP-A",4,"1","1","0"
"GSE96769#SRR5354112","LMPP",5,"1","5","6"
"GSE96769#SRR5354567","CMP",7,"2","2","1"
"GSE96769#SRR5355313","MEP",1,"2","4","5"
"GSE96769#SRR5354272","CMP",3,"5","7","9"
"GSE96769#SRR5353660","HSC",6,"0","0","2"
"GSE96769#SRR5355522","CLP",10,"4","6","8"
"GSE96769#SRR5354316","CMP",3,"5","7","9"
"GSE96769#SRR5353923","MPP",6,"0","0","3"
"GSE96769#SRR5354094","LMPP",5,"1","5","6"
"GSE96769#SRR5356039","GMP-B",4,"1","1","0"
"GSE96769#SRR5353535","HSC",6,"0","0","3"
"GSE96769#SRR5354082","LMPP",5,"1","5","6"
"GSE96769#SRR5354559","CMP",7,"2","2","1"
"GSE96769#SRR5354561","CMP",6,"0","0","3"
"GSE96769#SRR5354162","CMP",7,"2","2","1"
"GSE96769#SRR5355843","UNK",4,"1","1","0"
"GSE96769#SRR5353751","HSC",8,"0","0","2"
"GSE96769#SRR5354071","LMPP",5,"1","5","6"
"GSE96769#SRR5354300","CMP",1,"2","2","1"
"GSE96769#SRR5355027","GMP",1,"2","4","5"
"GSE96769#SRR5355137","MEP",8,"2","2","1"
"GSE96769#SRR5354520","CMP",7,"2","2","1"
"GSE96769#SRR5355795","UNK",4,"1","1","0"
"GSE96769#SRR5354588","CMP",7,"2","2","1"
"GSE96769#SRR5355649","pDC",9,"3","3","4"
"GSE96769#SRR5353377","HSC",6,"0","0","2"
"GSE96769#SRR5353400","HSC",6,"0","0","2"
"GSE96769#SRR5354264","CMP",3,"5","7","9"
"GSE96769#SRR5355665","pDC",9,"3","3","4"
"GSE96769#SRR5354119","LMPP",5,"1","5","6"
"GSE96769#SRR5354003","MPP",8,"0","5","7"
"GSE96769#SRR5355680","pDC",9,"3","3","4"
"GSE96769#SRR5354389","CMP",7,"0","2","7"
"GSE96769#SRR5355310","MEP",1,"2","4","5"
"GSE96769#SRR5354809","CMP",5,"2","2","7"
"GSE96769#SRR5355078","GMP",4,"1","1","0"
"GSE96769#SRR5355833","UNK",4,"1","1","0"
"GSE96769#SRR5353912","MPP",6,"0","0","3"
"GSE96769#SRR5355012","GMP",4,"1","5","6"
"GSE96769#SRR5354039","MPP",8,"2","4","5"
"GSE96769#SRR5353684","HSC",8,"0","0","2"
"GSE96769#SRR5353463","HSC",6,"0","0","3"
"GSE96769#SRR5354806","CMP",8,"0","0","2"
"GSE96769#SRR5353543","HSC",6,"0","0","3"
"GSE96769#SRR5354183","CMP",7,"2","2","1"
"GSE96769#SRR5356136","GMP-C",4,"1","5","6"
"GSE96769#SRR5353989","MPP",8,"0","0","2"
"GSE96769#SRR5355872","GMP-A",4,"1","1","0"
"GSE96769#SRR5354494","CMP",7,"2","2","1"
"GSE96769#SRR5353572","HSC",6,"0","0","2"
"GSE96769#SRR5354902","GMP",4,"1","1","0"
"GSE96769#SRR5354123","LMPP",5,"1","5","6"
"GSE96769#SRR5355542","CLP",5,"4","6","8"
"GSE96769#SRR5354597","CMP",7,"2","2","1"
"GSE96769#SRR5355779","UNK",4,"1","1","0"
"GSE96769#SRR5353628","HSC",6,"0","0","3"
"GSE96769#SRR5354447","CMP",7,"2","2","7"
"GSE96769#SRR5354692","CMP",7,"2","2","1"
"GSE96769#SRR5355893","GMP-A",4,"1","1","0"
"GSE96769#SRR5353842","HSC",8,"0","0","2"
"GSE96769#SRR5354888","GMP",4,"1","1","0"
"GSE96769#SRR5355714","pDC",9,"3","3","4"
"GSE96769#SRR5353439","HSC",6,"0","0","3"
"GSE96769#SRR5354686","CMP",7,"2","2","1"
"GSE96769#SRR5355698","pDC",9,"3","3","4"
"GSE96769#SRR5353756","HSC",8,"0","0","2"
"GSE96769#SRR5354460","CMP",7,"2","2","1"
"GSE96769#SRR5353692","HSC",8,"0","0","2"
"GSE96769#SRR5355715","pDC",9,"3","3","4"
"GSE96769#SRR5353706","HSC",8,"0","0","2"
"GSE96769#SRR5355677","pDC",9,"3","3","4"
"GSE96769#SRR5354258","CMP",3,"5","7","9"
"GSE96769#SRR5354647","CMP",7,"0","0","2"
"GSE96769#SRR5354800","CMP",7,"2","2","1"
"GSE96769#SRR5355071","GMP",4,"1","5","6"
"GSE96769#SRR5354698","CMP",7,"1","1","7"
"GSE96769#SRR5354830","GMP",5,"1","5","6"
"GSE96769#SRR5354199","CMP",1,"2","4","5"
"GSE96769#SRR5355881","GMP-A",4,"1","1","0"
"GSE96769#SRR5353694","HSC",8,"0","0","2"
"GSE96769#SRR5354107","LMPP",5,"1","5","6"
"GSE96769#SRR5354723","CMP",5,"0","0","2"
"GSE96769#SRR5355700","pDC",9,"3","3","4"
"GSE96769#SRR5353740","HSC",5,"1","5","6"
"GSE96769#SRR5353701","HSC",8,"0","0","2"
"GSE96769#SRR5355633","pDC",9,"3","3","4"
"GSE96769#SRR5354035","MPP",7,"2","2","1"
"GSE96769#SRR5354678","CMP",7,"2","2","1"
"GSE96769#SRR5355315","MEP",1,"2","4","5"
"GSE96769#SRR5355185","MEP",1,"2","4","5"
"GSE96769#SRR5354777","CMP",8,"2","2","1"
"GSE96769#SRR5354236","CMP",7,"2","2","1"
"GSE96769#SRR5355929","GMP-A",4,"1","1","0"
"GSE96769#SRR5354267","CMP",3,"5","7","9"
"GSE96769#SRR5354660","CMP",7,"2","2","1"
"GSE96769#SRR5355480","CLP",10,"4","6","8"
"GSE96769#SRR5354769","CMP",8,"2","2","1"
"GSE96769#SRR5353732","HSC",8,"0","0","2"
"GSE96769#SRR5355014","GMP",4,"1","1","0"
"GSE96769#SRR5354342","CMP",7,"2","2","1"
"GSE96769#SRR5355322","MEP",1,"2","4","5"
"GSE96769#SRR5355801","UNK",4,"1","1","0"
"GSE96769#SRR5353716","HSC",8,"0","0","2"
"GSE96769#SRR5354171","CMP",4,"1","1","0"
"GSE96769#SRR5354710","CMP",4,"1","2","7"
"GSE96769#SRR5353891","MPP",6,"0","0","3"
"GSE96769#SRR5354099","LMPP",4,"1","1","0"
"GSE96769#SRR5354756","CMP",8,"2","2","1"
"GSE96769#SRR5355734","pDC",9,"3","3","4"
"GSE96769#SRR5353442","HSC",6,"0","0","3"
"GSE96769#SRR5353432","HSC",6,"0","0","2"
"GSE96769#SRR5354033","MPP",8,"5","7","9"
"GSE96769#SRR5354486","CMP",7,"2","2","1"
"GSE96769#SRR5354793","CMP",8,"2","2","7"
"GSE96769#SRR5354169","CMP",7,"2","2","1"
"GSE96769#SRR5354006","MPP",7,"2","2","1"
"GSE96769#SRR5355749","pDC",9,"3","3","4"
"GSE96769#SRR5355847","UNK",4,"1","1","0"
"GSE96769#SRR5353977","MPP",7,"2","2","1"
"GSE96769#SRR5354837","GMP",4,"1","1","0"
"GSE96769#SRR5355811","UNK",4,"1","1","0"
"GSE96769#SRR5354625","CMP",7,"2","2","1"
"GSE96769#SRR5354803","CMP",8,"0","2","2"
"GSE96769#SRR5355644","pDC",9,"3","3","4"
"GSE96769#SRR5353440","HSC",6,"0","0","3"
"GSE96769#SRR5356067","GMP-C",4,"1","1","0"
"GSE96769#SRR5353995","MPP",8,"2","2","1"
"GSE96769#SRR5354312","CMP",3,"5","7","9"
"GSE96769#SRR5355520","CLP",10,"4","6","8"
"GSE96769#SRR5354018","MPP",8,"0","0","2"
"GSE96769#SRR5354310","CMP",7,"5","7","9"
"GSE96769#SRR5355054","GMP",4,"1","1","0"
"GSE96769#SRR5354382","CMP",7,"2","2","7"
"GSE96769#SRR5354615","CMP",7,"0","0","2"
"GSE96769#SRR5355860","UNK",4,"1","1","0"
"GSE96769#SRR5355020","GMP",5,"1","1","0"
"GSE96769#SRR5355107","MEP",1,"2","4","5"
"GSE96769#SRR5354230","CMP",7,"2","2","1"
"GSE96769#SRR5353965","MPP",8,"5","7","9"
"GSE96769#SRR5353655","HSC",6,"0","0","3"
"GSE96769#SRR5354488","CMP",7,"2","2","1"
"GSE96769#SRR5353497","HSC",6,"0","0","3"
"GSE96769#SRR5355487","CLP",10,"4","6","8"
"GSE96769#SRR5355712","pDC",9,"3","3","4"
"GSE96769#SRR5354291","CMP",7,"2","2","1"
"GSE96769#SRR5354436","CMP",7,"2","2","1"
"GSE96769#SRR5353566","HSC",6,"0","0","2"
"GSE96769#SRR5355619","pDC",9,"3","3","4"
"GSE96769#SRR5355252","MEP",2,"2","4","5"
"GSE96769#SRR5354305","CMP",7,"2","2","1"
"GSE96769#SRR5353642","HSC",6,"0","0","2"
"GSE96769#SRR5354757","CMP",7,"2","2","1"
"GSE96769#SRR5353963","MPP",8,"2","2","7"
"GSE96769#SRR5354186","CMP",7,"2","2","1"
"GSE96769#SRR5354030","MPP",2,"2","4","5"
"GSE96769#SRR5355681","pDC",9,"3","3","4"
"GSE96769#SRR5355214","MEP",2,"2","4","5"
"GSE96769#SRR5355803","UNK",4,"1","1","0"
"GSE96769#SRR5354919","GMP",4,"1","5","6"
"GSE96769#SRR5354213","CMP",7,"2","2","1"
"GSE96769#SRR5354045","MPP",8,"0","0","2"
"GSE96769#SRR5353453","HSC",6,"0","0","2"
"GSE96769#SRR5354066","LMPP",5,"1","5","6"
"GSE96769#SRR5353454","HSC",6,"0","0","3"
"GSE96769#SRR5354656","CMP",7,"1","1","7"
"GSE96769#SRR5354248","CMP",3,"5","7","9"
"GSE96769#SRR5354826","GMP",4,"1","5","6"
"GSE96769#SRR5354172","CMP",7,"2","2","1"
"GSE96769#SRR5353620","HSC",6,"0","0","3"
"GSE96769#SRR5355074","GMP",5,"1","5","6"
"GSE96769#SRR5354290","CMP",7,"2","2","1"
"GSE96769#SRR5353959","MPP",5,"2","2","7"
"GSE96769#SRR5355614","pDC",9,"3","3","4"
"GSE96769#SRR5355154","MEP",1,"2","4","5"
"GSE96769#SRR5355832","UNK",4,"1","1","0"
"GSE96769#SRR5353525","HSC",6,"0","0","7"
"GSE96769#SRR5354677","CMP",7,"2","2","1"
"GSE96769#SRR5355768","pDC",9,"3","3","4"
"GSE96769#SRR5353917","MPP",6,"0","0","2"
"GSE96769#SRR5356155","GMP-C",4,"1","1","0"
"GSE96769#SRR5355149","MEP",1,"2","4","5"
"GSE96769#SRR5355327","MEP",1,"2","4","5"
"GSE96769#SRR5353557","HSC",6,"0","0","3"
"GSE96769#SRR5353425","HSC",6,"0","0","3"
"GSE96769#SRR5356025","GMP-B",4,"1","1","0"
"GSE96769#SRR5354853","GMP",4,"1","1","0"
"GSE96769#SRR5355058","GMP",4,"1","1","0"
"GSE96769#SRR5354555","CMP",6,"0","0","2"
"GSE96769#SRR5354064","LMPP",5,"1","5","6"
"GSE96769#SRR5354174","CMP",7,"2","2","1"
"GSE96769#SRR5353747","HSC",8,"0","0","2"
"GSE96769#SRR5353962","MPP",8,"2","2","7"
"GSE96769#SRR5354451","CMP",7,"2","2","1"
"GSE96769#SRR5355131","MEP",1,"2","4","5"
"GSE96769#SRR5353385","HSC",6,"0","0","2"
"GSE96769#SRR5354646","CMP",5,"2","2","7"
"GSE96769#SRR5354551","CMP",7,"2","2","1"
"GSE96769#SRR5354299","CMP",3,"2","7","9"
"GSE96769#SRR5353423","HSC",6,"0","0","3"
"GSE96769#SRR5355066","GMP",4,"1","1","0"
"GSE96769#SRR5355329","MEP",1,"2","4","5"
"GSE96769#SRR5355083","GMP",4,"1","1","0"
"GSE96769#SRR5354235","CMP",7,"2","2","1"
"GSE96769#SRR5355602","pDC",9,"3","3","4"
"GSE96769#SRR5353702","HSC",8,"0","0","2"
"GSE96769#SRR5354529","CMP",7,"0","0","3"
"GSE96769#SRR5354323","CMP",7,"2","2","1"
"GSE96769#SRR5354667","CMP",8,"2","2","1"
"GSE96769#SRR5353971","MPP",8,"0","2","7"
"GSE96769#SRR5354568","CMP",7,"2","2","1"
"GSE96769#SRR5355745","pDC",9,"3","3","4"
"GSE96769#SRR5354271","CMP",3,"5","7","9"
"GSE96769#SRR5353956","MPP",8,"0","0","2"
"GSE96769#SRR5353526","HSC",6,"0","0","3"
"GSE96769#SRR5353512","HSC",6,"0","0","3"
"GSE96769#SRR5353961","MPP",8,"2","2","7"
"GSE96769#SRR5353713","HSC",8,"0","0","3"
"GSE96769#SRR5354056","LMPP",5,"1","5","6"
"GSE96769#SRR5353639","HSC",6,"0","0","3"
"GSE96769#SRR5354076","LMPP",5,"1","5","6"
"GSE96769#SRR5355895","GMP-A",4,"1","1","0"
"GSE96769#SRR5355979","GMP-B",4,"1","1","0"
"GSE96769#SRR5354459","CMP",7,"2","2","1"
"GSE96769#SRR5354318","CMP",3,"5","7","9"
"GSE96769#SRR5354341","CMP",7,"2","2","1"
"GSE96769#SRR5353570","HSC",6,"2","2","7"
"GSE96769#SRR5353831","HSC",8,"0","0","2"
"GSE96769#SRR5353386","HSC",6,"0","0","3"
"GSE96769#SRR5355658","pDC",9,"3","3","4"
"GSE96769#SRR5355377","MEP",1,"2","4","5"
"GSE96769#SRR5353430","HSC",6,"0","0","2"
"GSE96769#SRR5355116","MEP",1,"2","4","5"
"GSE96769#SRR5353481","HSC",6,"0","0","3"
"GSE96769#SRR5355813","UNK",4,"1","1","0"
"GSE96769#SRR5353480","HSC",6,"0","0","2"
"GSE96769#SRR5355678","pDC",9,"3","3","4"
"GSE96769#SRR5355596","pDC",9,"3","3","4"
"GSE96769#SRR5355262","MEP",2,"2","4","5"
"GSE96769#SRR5355052","GMP",4,"1","1","0"
"GSE96769#SRR5355103","GMP",4,"1","1","0"
"GSE96769#SRR5355812","UNK",4,"1","1","0"
"GSE96769#SRR5353934","MPP",6,"0","0","3"
"GSE96769#SRR5353845","HSC",8,"0","0","2"
"GSE96769#SRR5353746","HSC",8,"0","0","2"
"GSE96769#SRR5356103","GMP-C",9,"3","3","4"
"GSE96769#SRR5353457","HSC",6,"0","0","3"
"GSE96769#SRR5354187","CMP",6,"0","0","2"
"GSE96769#SRR5355336","MEP",1,"2","4","5"
"GSE96769#SRR5354838","GMP",4,"1","1","0"
"GSE96769#SRR5353836","HSC",8,"0","0","2"
"GSE96769#SRR5353608","HSC",6,"0","0","3"
"GSE96769#SRR5353396","HSC",6,"0","0","3"
"GSE96769#SRR5354841","GMP",5,"1","5","6"
"GSE96769#SRR5354010","MPP",8,"0","0","2"
"GSE96769#SRR5356138","GMP-C",4,"1","1","0"
"GSE96769#SRR5355736","pDC",9,"3","3","4"
"GSE96769#SRR5353574","HSC",6,"0","0","2"
"GSE96769#SRR5355561","CLP",10,"4","6","8"
"GSE96769#SRR5354675","CMP",7,"2","2","1"
"GSE96769#SRR5355379","MEP",2,"2","4","5"
"GSE96769#SRR5354890","GMP",4,"1","1","0"
"GSE96769#SRR5354788","CMP",8,"2","2","1"
"GSE96769#SRR5354790","CMP",8,"0","2","7"
"GSE96769#SRR5355547","CLP",10,"4","6","8"
"GSE96769#SRR5355713","pDC",9,"3","3","4"
"GSE96769#SRR5354532","CMP",7,"1","1","0"
"GSE96769#SRR5354430","CMP",7,"0","0","2"
"GSE96769#SRR5353465","HSC",6,"0","2","7"
"GSE96769#SRR5353727","HSC",8,"0","2","7"
"GSE96769#SRR5354758","CMP",8,"2","2","1"
"GSE96769#SRR5353473","HSC",6,"0","0","3"
"GSE96769#SRR5353631","HSC",6,"0","0","3"
"GSE96769#SRR5354266","CMP",3,"5","7","9"
"GSE96769#SRR5354179","CMP",7,"2","2","1"
"GSE96769#SRR5355065","GMP",4,"1","1","0"
"GSE96769#SRR5354861","GMP",7,"1","1","0"
"GSE96769#SRR5353389","HSC",6,"0","0","3"
"GSE96769#SRR5354767","CMP",8,"2","2","1"
"GSE96769#SRR5353475","HSC",6,"0","0","2"
"GSE96769#SRR5354160","CMP",7,"2","2","1"
"GSE96769#SRR5353619","HSC",6,"0","0","3"
"GSE96769#SRR5354860","GMP",4,"1","1","0"
"GSE96769#SRR5354350","CMP",7,"2","2","1"
"GSE96769#SRR5355603","pDC",9,"3","3","4"
"GSE96769#SRR5353579","HSC",6,"0","0","3"
"GSE96769#SRR5354302","CMP",3,"5","7","9"
"GSE96769#SRR5354153","CMP",7,"2","2","7"
"GSE96769#SRR5354855","GMP",4,"1","1","0"
"GSE96769#SRR5354792","CMP",8,"0","0","2"
"GSE96769#SRR5354604","CMP",7,"0","0","2"
"GSE96769#SRR5353529","HSC",6,"0","0","2"
"GSE96769#SRR5355699","pDC",9,"3","3","4"
"GSE96769#SRR5353689","HSC",8,"0","0","2"
"GSE96769#SRR5353560","HSC",6,"0","0","3"
"GSE96769#SRR5354703","CMP",7,"2","4","5"
"GSE96769#SRR5354708","CMP",7,"1","1","7"
"GSE96769#SRR5353723","HSC",8,"0","0","2"
"GSE96769#SRR5354762","CMP",8,"2","2","7"
"GSE96769#SRR5353403","HSC",6,"0","0","3"
"GSE96769#SRR5353988","MPP",2,"2","4","5"
"GSE96769#SRR5354873","GMP",4,"1","1","0"
"GSE96769#SRR5354093","LMPP",5,"1","5","6"
"GSE96769#SRR5354203","CMP",7,"2","2","1"
"GSE96769#SRR5353408","HSC",6,"0","0","3"
"GSE96769#SRR5354218","CMP",7,"0","0","7"
"GSE96769#SRR5355891","GMP-A",4,"1","1","0"
"GSE96769#SRR5354023","MPP",8,"0","0","2"
"GSE96769#SRR5353531","HSC",6,"0","0","3"
"GSE96769#SRR5355824","UNK",4,"1","1","0"
"GSE96769#SRR5353601","HSC",6,"0","0","2"
"GSE96769#SRR5353926","MPP",6,"0","0","3"
"GSE96769#SRR5354537","CMP",8,"1","1","0"
"GSE96769#SRR5353392","HSC",6,"0","0","3"
"GSE96769#SRR5355873","GMP-A",4,"1","1","0"
"GSE96769#SRR5354764","CMP",8,"2","2","7"
"GSE96769#SRR5355938","GMP-A",4,"1","1","0"
"GSE96769#SRR5354651","CMP",8,"2","2","7"
"GSE96769#SRR5353419","HSC",6,"0","0","3"
"GSE96769#SRR5354159","CMP",7,"2","2","1"
"GSE96769#SRR5353814","HSC",8,"0","0","2"
"GSE96769#SRR5355912","GMP-A",4,"1","1","0"
"GSE96769#SRR5354554","CMP",2,"2","4","5"
"GSE96769#SRR5354908","GMP",5,"1","5","6"
"GSE96769#SRR5355740","pDC",9,"3","3","4"
"GSE96769#SRR5355693","pDC",9,"3","3","4"
"GSE96769#SRR5354772","CMP",7,"2","2","1"
"GSE96769#SRR5355049","GMP",4,"1","1","0"
"GSE96769#SRR5353911","MPP",6,"0","0","3"
"GSE96769#SRR5355053","GMP",4,"1","1","0"
"GSE96769#SRR5354391","CMP",7,"2","2","7"
"GSE96769#SRR5354353","CMP",7,"2","2","7"
"GSE96769#SRR5356065","GMP-C",4,"1","1","0"
"GSE96769#SRR5353398","HSC",6,"0","0","2"
"GSE96769#SRR5356071","GMP-C",4,"1","1","0"
"GSE96769#SRR5353447","HSC",6,"0","0","3"
"GSE96769#SRR5355019","GMP",4,"1","1","0"
"GSE96769#SRR5355787","UNK",4,"1","1","0"
"GSE96769#SRR5353502","HSC",6,"0","0","3"
"GSE96769#SRR5354885","GMP",4,"1","1","0"
"GSE96769#SRR5355076","GMP",4,"1","1","0"
"GSE96769#SRR5354899","GMP",5,"1","5","6"
"GSE96769#SRR5354085","LMPP",5,"1","5","6"
"GSE96769#SRR5356063","GMP-C",4,"1","1","0"
"GSE96769#SRR5354078","LMPP",5,"1","5","6"
"GSE96769#SRR5353687","HSC",8,"0","0","2"
"GSE96769#SRR5354435","CMP",7,"2","2","1"
"GSE96769#SRR5354877","GMP",5,"1","5","6"
"GSE96769#SRR5353605","HSC",6,"0","0","3"
"GSE96769#SRR5354784","CMP",8,"2","2","1"
"GSE96769#SRR5356049","GMP-B",4,"1","1","0"
"GSE96769#SRR5355785","UNK",4,"1","1","0"
"GSE96769#SRR5355804","UNK",4,"1","1","0"
"GSE96769#SRR5354856","GMP",4,"1","1","0"
"GSE96769#SRR5354031","MPP",8,"2","2","1"
"GSE96769#SRR5354536","CMP",4,"1","5","7"
"GSE96769#SRR5355061","GMP",4,"1","1","0"
"GSE96769#SRR5353511","HSC",6,"0","0","3"
"GSE96769#SRR5354242","CMP",3,"5","7","9"
"GSE96769#SRR5353720","HSC",8,"0","0","2"
"GSE96769#SRR5354475","CMP",7,"0","0","2"
"GSE96769#SRR5354176","CMP",7,"1","1","0"
"GSE96769#SRR5355312","MEP",1,"2","4","5"
"GSE96769#SRR5355241","MEP",2,"2","4","5"
"GSE96769#SRR5354465","CMP",7,"2","2","1"
"GSE96769#SRR5353975","MPP",8,"2","2","1"
"GSE96769#SRR5353955","MPP",8,"0","0","2"
"GSE96769#SRR5354216","CMP",7,"0","0","2"
"GSE96769#SRR5355056","GMP",4,"1","1","0"
"GSE96769#SRR5354196","CMP",7,"0","0","7"
"GSE96769#SRR5354084","LMPP",5,"1","5","6"
"GSE96769#SRR5355486","CLP",10,"4","6","8"
"GSE96769#SRR5353827","HSC",8,"0","0","7"
"GSE96769#SRR5353524","HSC",6,"0","0","2"
"GSE96769#SRR5355265","MEP",2,"2","4","5"
"GSE96769#SRR5355029","GMP",4,"1","1","0"
"GSE96769#SRR5354847","GMP",4,"1","1","0"
"GSE96769#SRR5354770","CMP",8,"2","2","1"
"GSE96769#SRR5354072","LMPP",5,"1","5","6"
"GSE96769#SRR5355204","MEP",2,"2","4","5"
"GSE96769#SRR5354239","CMP",6,"0","0","3"
"GSE96769#SRR5354748","CMP",5,"0","0","2"
"GSE96769#SRR5355863","UNK",4,"1","1","0"
"GSE96769#SRR5356029","GMP-B",4,"1","1","0"
"GSE96769#SRR5353992","MPP",8,"0","0","2"
"GSE96769#SRR5353730","HSC",8,"0","0","2"
"GSE96769#SRR5355707","pDC",9,"3","3","4"
"GSE96769#SRR5356036","GMP-B",4,"1","1","0"
"GSE96769#SRR5354763","CMP",8,"2","2","7"
"GSE96769#SRR5355789","UNK",4,"1","1","0"
"GSE96769#SRR5353893","MPP",6,"0","0","3"
"GSE96769#SRR5353466","HSC",6,"0","0","2"
"GSE96769#SRR5353705","HSC",8,"2","2","7"
"GSE96769#SRR5354804","CMP",8,"0","0","2"
"GSE96769#SRR5354889","GMP",4,"1","1","0"
"GSE96769#SRR5355617","pDC",9,"3","3","4"
"GSE96769#SRR5355593","pDC",9,"3","3","4"
"GSE96769#SRR5354034","MPP",8,"0","0","2"
"GSE96769#SRR5354638","CMP",7,"2","2","1"
"GSE96769#SRR5356043","GMP-B",4,"1","1","0"
"GSE96769#SRR5354175","CMP",7,"2","2","1"
"GSE96769#SRR5353924","MPP",6,"0","0","2"
"GSE96769#SRR5353843","HSC",8,"0","0","2"
"GSE96769#SRR5355286","MEP",2,"2","4","5"
"GSE96769#SRR5354562","CMP",7,"2","2","1"
"GSE96769#SRR5356050","GMP-B",4,"1","1","0"
"GSE96769#SRR5354220","CMP",7,"0","0","2"
"GSE96769#SRR5354331","CMP",3,"5","7","9"
"GSE96769#SRR5353668","HSC",8,"0","0","2"
"GSE96769#SRR5354079","LMPP",4,"1","5","6"
"GSE96769#SRR5356104","GMP-C",4,"1","1","0"
"GSE96769#SRR5354863","GMP",5,"1","5","6"
"GSE96769#SRR5354246","CMP",3,"5","7","9"
"GSE96769#SRR5354202","CMP",7,"2","2","1"
"GSE96769#SRR5353984","MPP",8,"0","0","2"
"GSE96769#SRR5353519","HSC",6,"0","0","3"
"GSE96769#SRR5354001","MPP",8,"0","0","2"
"GSE96769#SRR5354574","CMP",7,"2","2","7"
"GSE96769#SRR5354334","CMP",1,"2","4","5"
"GSE96769#SRR5354759","CMP",8,"2","2","1"
"GSE96769#SRR5354025","MPP",8,"0","0","2"
"GSE96769#SRR5355818","UNK",4,"1","1","0"
"GSE96769#SRR5353437","HSC",6,"0","0","2"
"GSE96769#SRR5353644","HSC",6,"0","0","2"
"GSE96769#SRR5353382","HSC",6,"0","0","3"
"GSE96769#SRR5353829","HSC",8,"0","0","2"
"GSE96769#SRR5354543","CMP",7,"1","1","7"
"GSE96769#SRR5355605","pDC",9,"3","3","4"
"GSE96769#SRR5355792","UNK",4,"1","1","0"
"GSE96769#SRR5353780","HSC",8,"0","0","2"
"GSE96769#SRR5353484","HSC",6,"0","0","3"
"GSE96769#SRR5354221","CMP",7,"2","2","1"
"GSE96769#SRR5353435","HSC",6,"0","0","3"
"GSE96769#SRR5355573","CLP",10,"4","6","8"
"GSE96769#SRR5354780","CMP",8,"2","2","7"
"GSE96769#SRR5354779","CMP",7,"2","2","1"
"GSE96769#SRR5353499","HSC",6,"0","0","3"
"GSE96769#SRR5353636","HSC",6,"0","0","3"
"GSE96769#SRR5355668","pDC",9,"3","3","4"
"GSE96769#SRR5355521","CLP",10,"4","6","8"
"GSE96769#SRR5355899","GMP-A",4,"1","1","0"
"GSE96769#SRR5354848","GMP",4,"1","1","0"
"GSE96769#SRR5353667","HSC",8,"0","0","2"
"GSE96769#SRR5354799","CMP",8,"0","0","2"
"GSE96769#SRR5354875","GMP",4,"1","1","0"
"GSE96769#SRR5354269","CMP",3,"2","2","9"
"GSE96769#SRR5353622","HSC",8,"2","2","7"
"GSE96769#SRR5353898","MPP",6,"0","0","3"
"GSE96769#SRR5353390","HSC",6,"0","0","2"
"GSE96769#SRR5354021","MPP",8,"2","2","1"
"GSE96769#SRR5354011","MPP",8,"0","0","2"
"GSE96769#SRR5354121","LMPP",5,"1","5","6"
"GSE96769#SRR5354222","CMP",7,"2","2","1"
"GSE96769#SRR5353527","HSC",6,"0","0","3"
"GSE96769#SRR5353932","MPP",6,"0","0","3"
"GSE96769#SRR5354037","MPP",8,"0","0","2"
"GSE96769#SRR5354227","CMP",6,"0","0","3"
"GSE96769#SRR5354181","CMP",7,"2","2","1"
"GSE96769#SRR5355036","GMP",4,"1","1","0"
"GSE96769#SRR5354825","GMP",4,"1","1","0"
"GSE96769#SRR5355997","GMP-B",4,"1","1","0"
"GSE96769#SRR5354726","CMP",8,"0","0","2"
"GSE96769#SRR5355808","UNK",4,"1","1","0"
"GSE96769#SRR5354900","GMP",4,"1","1","0"
"GSE96769#SRR5353507","HSC",6,"0","0","3"
"GSE96769#SRR5354095","LMPP",5,"1","5","6"
"GSE96769#SRR5354158","CMP",7,"0","0","2"
"GSE96769#SRR5354149","CMP",7,"1","1","0"
"GSE96769#SRR5355723","pDC",9,"3","3","4"
"GSE96769#SRR5354281","CMP",7,"5","7","9"
"GSE96769#SRR5354735","CMP",8,"2","2","7"
"GSE96769#SRR5353983","MPP",8,"0","0","2"
"GSE96769#SRR5356083","GMP-C",9,"1","1","4"
"GSE96769#SRR5353714","HSC",8,"0","2","2"
"GSE96769#SRR5355105","MEP",1,"2","4","5"
"GSE96769#SRR5354132","LMPP",5,"0","0","2"
"GSE96769#SRR5356070","GMP-C",4,"1","5","6"
"GSE96769#SRR5353826","HSC",8,"0","0","2"
"GSE96769#SRR5354044","MPP",8,"0","0","2"
"GSE96769#SRR5353807","HSC",8,"0","0","3"
"GSE96769#SRR5354252","CMP",3,"5","7","9"
"GSE96769#SRR5353424","HSC",6,"0","0","2"
"GSE96769#SRR5354595","CMP",7,"2","2","1"
"GSE96769#SRR5354054","LMPP",4,"1","1","0"
"GSE96769#SRR5354032","MPP",8,"0","0","2"
"GSE96769#SRR5355951","GMP-A",4,"1","1","0"
"GSE96769#SRR5354097","LMPP",5,"1","5","6"
"GSE96769#SRR5353896","MPP",6,"0","0","2"
"GSE96769#SRR5354581","CMP",7,"2","2","7"
"GSE96769#SRR5353652","HSC",6,"0","0","3"
"GSE96769#SRR5355024","GMP",4,"1","1","0"
"GSE96769#SRR5354566","CMP",7,"2","2","1"
"GSE96769#SRR5353819","HSC",8,"0","0","2"
"GSE96769#SRR5355060","GMP",4,"1","1","7"
"GSE96769#SRR5353678","HSC",8,"0","0","2"
"GSE96769#SRR5355461","CLP",10,"4","6","8"
"GSE96769#SRR5355848","UNK",4,"1","1","0"
"GSE96769#SRR5355248","MEP",2,"2","4","5"
"GSE96769#SRR5353729","HSC",8,"0","0","2"
"GSE96769#SRR5354345","CMP",7,"2","2","1"
"GSE96769#SRR5355186","MEP",1,"2","4","5"
"GSE96769#SRR5355546","CLP",10,"4","6","8"
"GSE96769#SRR5354412","CMP",7,"2","2","7"
"GSE96769#SRR5353558","HSC",6,"0","0","2"
"GSE96769#SRR5354469","CMP",7,"2","2","1"
"GSE96769#SRR5355759","pDC",9,"3","3","4"
"GSE96769#SRR5354538","CMP",7,"2","2","1"
"GSE96769#SRR5353869","MPP",6,"0","0","2"
"GSE96769#SRR5354321","CMP",3,"5","7","9"
"GSE96769#SRR5355720","pDC",9,"3","3","4"
"GSE96769#SRR5355503","CLP",10,"4","6","8"
"GSE96769#SRR5354621","CMP",7,"2","2","1"
"GSE96769#SRR5354510","CMP",7,"2","2","1"
"GSE96769#SRR5353825","HSC",8,"0","0","2"
"GSE96769#SRR5353500","HSC",6,"0","0","3"
"GSE96769#SRR5355090","GMP",4,"1","1","0"
"GSE96769#SRR5354760","CMP",8,"2","2","7"
"GSE96769#SRR5354785","CMP",8,"2","2","1"
"GSE96769#SRR5353653","HSC",6,"0","0","3"
"GSE96769#SRR5353990","MPP",8,"0","0","2"
"GSE96769#SRR5353907","MPP",6,"0","0","2"
"GSE96769#SRR5354148","CMP",7,"2","4","5"
"GSE96769#SRR5354812","CMP",4,"1","1","0"
"GSE96769#SRR5353969","MPP",8,"2","2","7"
"GSE96769#SRR5353568","HSC",6,"0","0","3"
"GSE96769#SRR5353743","HSC",8,"0","0","2"
"GSE96769#SRR5354765","CMP",8,"2","2","7"
"GSE96769#SRR5354605","CMP",7,"2","2","1"
"GSE96769#SRR5353456","HSC",6,"0","0","3"
"GSE96769#SRR5355884","GMP-A",4,"1","1","0"
"GSE96769#SRR5356118","GMP-C",4,"1","1","0"
"GSE96769#SRR5355725","pDC",9,"3","3","4"
"GSE96769#SRR5354648","CMP",7,"2","2","1"
"GSE96769#SRR5353685","HSC",8,"2","2","7"
"GSE96769#SRR5353510","HSC",6,"0","0","3"
"GSE96769#SRR5354892","GMP",4,"1","1","0"
"GSE96769#SRR5354470","CMP",7,"2","2","1"
"GSE96769#SRR5355238","MEP",2,"2","4","5"
"GSE96769#SRR5355541","CLP",10,"4","6","8"
"GSE96769#SRR5354009","MPP",8,"2","2","7"
"GSE96769#SRR5355026","GMP",4,"1","1","0"
"GSE96769#SRR5354624","CMP",1,"2","4","5"
"GSE96769#SRR5354821","GMP",4,"1","1","0"
"GSE96769#SRR5354120","LMPP",5,"1","5","6"
"GSE96769#SRR5355567","CLP",10,"4","6","8"
"GSE96769#SRR5354289","CMP",8,"5","7","9"
"GSE96769#SRR5353427","HSC",6,"0","0","2"
"GSE96769#SRR5353444","HSC",6,"0","0","3"
"GSE96769#SRR5354905","GMP",4,"1","1","0"
"GSE96769#SRR5354405","CMP",7,"0","0","3"
"GSE96769#SRR5354244","CMP",3,"5","7","9"
"GSE96769#SRR5353910","MPP",6,"0","0","3"
"GSE96769#SRR5353711","HSC",8,"0","0","2"
"GSE96769#SRR5354831","GMP",4,"1","1","0"
"GSE96769#SRR5354110","LMPP",5,"1","5","6"
"GSE96769#SRR5354673","CMP",7,"2","2","1"
"GSE96769#SRR5354473","CMP",7,"2","2","1"
"GSE96769#SRR5355727","pDC",9,"3","3","4"
"GSE96769#SRR5355466","CLP",10,"4","6","8"
"GSE96769#SRR5354891","GMP",4,"1","1","0"
"GSE96769#SRR5353734","HSC",8,"0","0","2"
"GSE96769#SRR5354297","CMP",3,"5","7","9"
"GSE96769#SRR5356021","GMP-B",4,"1","1","0"
"GSE96769#SRR5353850","HSC",8,"0","0","3"
"GSE96769#SRR5353412","HSC",6,"0","2","7"
"GSE96769#SRR5355743","pDC",9,"3","3","4"
"GSE96769#SRR5355535","CLP",10,"4","6","8"
"GSE96769#SRR5353920","MPP",6,"0","0","3"
"GSE96769#SRR5354552","CMP",7,"2","2","1"
"GSE96769#SRR5354578","CMP",7,"2","2","1"
"GSE96769#SRR5355516","CLP",10,"4","6","8"
"GSE96769#SRR5353901","MPP",7,"0","0","7"
"GSE96769#SRR5354874","GMP",4,"1","1","0"
"GSE96769#SRR5355826","UNK",4,"1","1","6"
"GSE96769#SRR5356143","GMP-C",4,"1","1","0"
"GSE96769#SRR5353928","MPP",6,"0","0","3"
"GSE96769#SRR5355358","MEP",1,"2","4","5"
"GSE96769#SRR5354727","CMP",8,"2","2","1"
"GSE96769#SRR5355006","GMP",4,"1","1","0"
"GSE96769#SRR5353884","MPP",6,"0","0","3"
"GSE96769#SRR5353551","HSC",6,"0","0","3"
"GSE96769#SRR5353391","HSC",6,"0","0","3"
"GSE96769#SRR5353514","HSC",6,"0","0","2"
"GSE96769#SRR5353420","HSC",6,"0","0","3"
"GSE96769#SRR5353958","MPP",8,"0","0","2"
"GSE96769#SRR5353915","MPP",6,"0","0","2"
"GSE96769#SRR5354641","CMP",7,"2","2","1"
"GSE96769#SRR5353445","HSC",6,"0","0","3"
"GSE96769#SRR5354360","CMP",7,"2","2","1"
"GSE96769#SRR5353632","HSC",6,"0","0","3"
"GSE96769#SRR5354540","CMP",7,"2","2","1"
"GSE96769#SRR5353936","MPP",7,"2","2","1"
"GSE96769#SRR5353886","MPP",6,"0","0","3"
"GSE96769#SRR5355073","GMP",4,"1","1","0"
"GSE96769#SRR5355788","UNK",4,"1","1","0"
"GSE96769#SRR5353866","MPP",6,"0","0","7"
"GSE96769#SRR5355852","UNK",4,"1","1","0"
"GSE96769#SRR5355483","CLP",10,"4","6","8"
"GSE96769#SRR5354589","CMP",7,"2","2","1"
"GSE96769#SRR5354865","GMP",4,"1","1","0"
"GSE96769#SRR5353595","HSC",6,"0","0","3"
"GSE96769#SRR5353641","HSC",6,"0","0","3"
"GSE96769#SRR5354200","CMP",4,"2","2","7"
"GSE96769#SRR5356054","GMP-B",4,"1","1","0"
"GSE96769#SRR5354627","CMP",7,"2","2","1"
"GSE96769#SRR5354189","CMP",1,"2","2","1"
"GSE96769#SRR5353617","HSC",6,"0","0","2"
"GSE96769#SRR5354912","GMP",4,"1","1","0"
"GSE96769#SRR5354867","GMP",4,"1","1","0"
"GSE96769#SRR5354477","CMP",7,"2","2","1"
"GSE96769#SRR5353598","HSC",6,"0","0","3"
"GSE96769#SRR5354482","CMP",7,"0","2","7"
"GSE96769#SRR5355771","pDC",9,"3","3","4"
"GSE96769#SRR5354878","GMP",4,"1","1","0"
"GSE96769#SRR5355269","MEP",2,"2","4","5"
"GSE96769#SRR5354125","LMPP",5,"1","5","6"
"GSE96769#SRR5353818","HSC",8,"0","0","2"
"GSE96769#SRR5354897","GMP",4,"1","1","0"
"GSE96769#SRR5354869","GMP",4,"1","1","0"
"GSE96769#SRR5355676","pDC",9,"3","3","4"
"GSE96769#SRR5355918","GMP-A",4,"1","1","0"
"GSE96769#SRR5354626","CMP",7,"2","2","1"
"GSE96769#SRR5356042","GMP-B",4,"1","1","0"
"GSE96769#SRR5354914","GMP",4,"1","1","0"
"GSE96769#SRR5353987","MPP",8,"2","2","1"
"GSE96769#SRR5353919","MPP",6,"0","0","3"
"GSE96769#SRR5355515","CLP",5,"1","5","6"
"GSE96769#SRR5353864","MPP",6,"0","0","3"
"GSE96769#SRR5353521","HSC",6,"0","0","3"
"GSE96769#SRR5353925","MPP",7,"2","2","1"
"GSE96769#SRR5353681","HSC",8,"0","0","3"
"GSE96769#SRR5356081","GMP-C",4,"1","1","0"
"GSE96769#SRR5355094","GMP",4,"1","1","0"
"GSE96769#SRR5354156","CMP",7,"2","2","1"
"GSE96769#SRR5354872","GMP",4,"1","1","0"
"GSE96769#SRR5355733","pDC",9,"3","3","4"
"GSE96769#SRR5353474","HSC",6,"0","0","2"
"GSE96769#SRR5353873","MPP",6,"0","0","3"
"GSE96769#SRR5355457","CLP",10,"4","6","8"
"GSE96769#SRR5354901","GMP",4,"1","1","0"
"GSE96769#SRR5354139","LMPP",5,"1","5","6"
"GSE96769#SRR5354782","CMP",1,"2","4","5"
"GSE96769#SRR5354286","CMP",7,"5","7","9"
"GSE96769#SRR5354993","GMP",4,"1","1","0"
"GSE96769#SRR5353738","HSC",8,"0","0","2"
"GSE96769#SRR5354166","CMP",7,"1","1","7"
"GSE96769#SRR5354805","CMP",8,"0","0","2"
"GSE96769#SRR5354573","CMP",7,"2","2","1"
"GSE96769#SRR5353996","MPP",8,"2","2","7"
"GSE96769#SRR5355045","GMP",4,"1","1","0"
"GSE96769#SRR5354787","CMP",8,"0","5","6"
"GSE96769#SRR5354636","CMP",8,"2","2","7"
"GSE96769#SRR5353458","HSC",6,"0","0","3"
"GSE96769#SRR5353966","MPP",8,"2","2","1"
"GSE96769#SRR5353380","HSC",6,"0","0","2"
"GSE96769#SRR5355550","CLP",10,"4","6","8"
"GSE96769#SRR5353471","HSC",6,"0","0","3"
"GSE96769#SRR5353817","HSC",8,"0","0","2"
"GSE96769#SRR5355276","MEP",2,"2","4","5"
"GSE96769#SRR5353753","HSC",8,"0","0","3"
"GSE96769#SRR5353861","MPP",6,"0","0","3"
"GSE96769#SRR5354303","CMP",3,"5","7","9"
"GSE96769#SRR5353954","MPP",8,"0","0","2"
"GSE96769#SRR5353431","HSC",6,"0","0","3"
"GSE96769#SRR5355721","pDC",9,"3","3","4"
"GSE96769#SRR5355272","MEP",2,"2","4","5"
"GSE96769#SRR5353867","MPP",7,"0","0","2"
"GSE96769#SRR5354828","GMP",4,"1","1","0"
"GSE96769#SRR5355684","pDC",9,"3","3","4"
"GSE96769#SRR5354794","CMP",7,"2","2","1"
"GSE96769#SRR5355101","GMP",4,"1","1","0"
"GSE96769#SRR5353618","HSC",6,"0","0","2"
"GSE96769#SRR5354592","CMP",7,"2","2","1"
"GSE96769#SRR5354255","CMP",3,"5","7","9"
"GSE96769#SRR5353833","HSC",8,"0","0","2"
"GSE96769#SRR5353759","HSC",8,"0","0","2"
"GSE96769#SRR5353888","MPP",6,"0","0","3"
"GSE96769#SRR5353849","HSC",8,"0","0","2"
"GSE96769#SRR5354504","CMP",7,"2","2","1"
"GSE96769#SRR5353976","MPP",8,"2","2","7"
"GSE96769#SRR5355944","GMP-A",4,"1","1","0"
"GSE96769#SRR5353629","HSC",6,"0","0","2"
"GSE96769#SRR5355920","GMP-A",4,"1","1","0"
"GSE96769#SRR5354096","LMPP",5,"1","5","6"
"GSE96769#SRR5353476","HSC",6,"0","0","3"
"GSE96769#SRR5354060","LMPP",4,"1","1","6"
"GSE96769#SRR5354362","CMP",7,"2","4","5"
"GSE96769#SRR5355097","GMP",4,"1","1","0"
"GSE96769#SRR5353690","HSC",8,"0","0","2"
"GSE96769#SRR5353841","HSC",8,"0","0","3"
"GSE96769#SRR5354817","GMP",4,"1","1","0"
"GSE96769#SRR5353429","HSC",6,"0","0","3"
"GSE96769#SRR5355742","pDC",9,"3","3","4"
"GSE96769#SRR5355463","CLP",10,"4","6","8"
"GSE96769#SRR5353654","HSC",6,"0","0","3"
"GSE96769#SRR5354228","CMP",4,"1","1","0"
"GSE96769#SRR5354446","CMP",4,"1","1","0"
"GSE96769#SRR5355737","pDC",9,"3","3","4"
"GSE96769#SRR5354343","CMP",7,"2","2","1"
"GSE96769#SRR5355799","UNK",7,"1","1","0"
"GSE96769#SRR5354521","CMP",7,"2","2","1"
"GSE96769#SRR5353413","HSC",6,"0","0","3"
"GSE96769#SRR5355718","pDC",9,"3","3","4"
"GSE96769#SRR5353881","MPP",6,"0","0","2"
"GSE96769#SRR5353397","HSC",6,"0","0","3"
"GSE96769#SRR5355701","pDC",9,"3","3","4"
"GSE96769#SRR5356084","GMP-C",4,"1","1","0"
"GSE96769#SRR5354590","CMP",7,"2","2","1"
"GSE96769#SRR5355890","GMP-A",4,"1","1","0"
"GSE96769#SRR5353657","HSC",6,"0","0","2"
"GSE96769#SRR5353666","HSC",8,"0","0","2"
"GSE96769#SRR5354015","MPP",8,"4","6","8"
"GSE96769#SRR5353669","HSC",8,"0","0","2"
"GSE96769#SRR5353721","HSC",8,"0","0","2"
"GSE96769#SRR5353515","HSC",6,"0","0","3"
"GSE96769#SRR5355467","CLP",10,"4","6","8"
"GSE96769#SRR5355659","pDC",9,"3","3","4"
"GSE96769#SRR5354092","LMPP",5,"0","0","2"
"GSE96769#SRR5354827","GMP",4,"1","1","0"
"GSE96769#SRR5354147","CMP",7,"2","2","1"
"GSE96769#SRR5353467","HSC",6,"0","0","3"
"GSE96769#SRR5355513","CLP",10,"4","6","8"
"GSE96769#SRR5354773","CMP",8,"0","2","7"
"GSE96769#SRR5354598","CMP",6,"1","1","0"
"GSE96769#SRR5356056","GMP-B",4,"1","1","0"
"GSE96769#SRR5354007","MPP",8,"0","0","2"
"GSE96769#SRR5353948","MPP",6,"0","0","3"
"GSE96769#SRR5353731","HSC",8,"0","0","2"
"GSE96769#SRR5354557","CMP",7,"2","2","1"
"GSE96769#SRR5355431","CLP",10,"4","6","8"
"GSE96769#SRR5353809","HSC",8,"0","0","2"
"GSE96769#SRR5354069","LMPP",5,"1","5","6"
"GSE96769#SRR5355692","pDC",9,"3","3","4"
"GSE96769#SRR5354864","GMP",4,"1","1","0"
"GSE96769#SRR5353609","HSC",6,"0","0","2"
"GSE96769#SRR5354188","CMP",7,"2","2","1"
"GSE96769#SRR5355854","UNK",4,"1","1","0"
"GSE96769#SRR5353415","HSC",6,"0","0","3"
"GSE96769#SRR5353686","HSC",8,"0","0","2"
"GSE96769#SRR5354201","CMP",7,"0","0","3"
"GSE96769#SRR5353736","HSC",8,"0","0","2"
"GSE96769#SRR5355363","MEP",1,"2","4","5"
"GSE96769#SRR5355462","CLP",10,"4","6","8"
"GSE96769#SRR5353908","MPP",6,"0","0","2"
"GSE96769#SRR5355993","GMP-B",4,"1","1","0"
"GSE96769#SRR5353555","HSC",6,"0","0","3"
"GSE96769#SRR5354610","CMP",7,"2","2","1"
"GSE96769#SRR5353402","HSC",6,"0","0","3"
"GSE96769#SRR5354325","CMP",3,"5","7","9"
"GSE96769#SRR5354843","GMP",4,"1","1","0"
"GSE96769#SRR5354862","GMP",4,"1","1","0"
"GSE96769#SRR5353571","HSC",6,"0","0","3"
"GSE96769#SRR5355454","CLP",10,"4","6","8"
"GSE96769#SRR5353968","MPP",8,"2","2","7"
"GSE96769#SRR5355709","pDC",9,"3","3","4"
"GSE96769#SRR5353604","HSC",6,"0","0","2"
"GSE96769#SRR5355274","MEP",2,"2","4","5"
"GSE96769#SRR5353611","HSC",6,"0","0","3"
"GSE96769#SRR5354866","GMP",4,"1","1","0"
"GSE96769#SRR5355488","CLP",10,"4","6","8"
"GSE96769#SRR5355629","pDC",9,"3","3","4"
"GSE96769#SRR5354407","CMP",7,"2","2","7"
"GSE96769#SRR5354576","CMP",7,"2","2","1"
"GSE96769#SRR5353957","MPP",8,"0","0","2"
"GSE96769#SRR5355905","GMP-A",4,"1","1","0"
"GSE96769#SRR5353960","MPP",8,"0","0","2"
"GSE96769#SRR5355752","pDC",9,"3","3","4"
"GSE96769#SRR5354154","CMP",7,"2","2","1"
"GSE96769#SRR5354067","LMPP",5,"1","5","6"
"GSE96769#SRR5353927","MPP",6,"0","0","3"
"GSE96769#SRR5353505","HSC",6,"0","0","3"
"GSE96769#SRR5354535","CMP",7,"1","1","0"
"GSE96769#SRR5354519","CMP",7,"2","2","1"
"GSE96769#SRR5354134","LMPP",5,"0","0","2"
"GSE96769#SRR5355458","CLP",10,"4","6","8"
"GSE96769#SRR5354338","CMP",7,"2","2","1"
"GSE96769#SRR5354279","CMP",3,"5","7","9"
"GSE96769#SRR5355518","CLP",10,"4","6","8"
"GSE96769#SRR5354319","CMP",3,"5","7","9"
"GSE96769#SRR5353545","HSC",6,"0","0","3"
"GSE96769#SRR5355512","CLP",10,"4","6","8"
"GSE96769#SRR5354314","CMP",3,"5","7","9"
"GSE96769#SRR5355927","GMP-A",4,"1","1","0"
"GSE96769#SRR5355696","pDC",9,"3","3","4"
"GSE96769#SRR5353994","MPP",8,"0","2","7"
"GSE96769#SRR5353610","HSC",6,"0","0","2"
"GSE96769#SRR5353536","HSC",6,"0","0","2"
"GSE96769#SRR5355125","MEP",7,"2","4","5"
"GSE96769#SRR5353722","HSC",8,"0","0","2"
"GSE96769#SRR5353675","HSC",8,"0","0","2"
"GSE96769#SRR5355556","CLP",10,"4","6","8"
"GSE96769#SRR5355016","GMP",4,"1","1","0"
"GSE96769#SRR5353383","HSC",6,"0","0","3"
"GSE96769#SRR5354569","CMP",7,"2","2","1"
"GSE96769#SRR5353401","HSC",6,"0","0","3"
"GSE96769#SRR5353875","MPP",6,"0","0","3"
"GSE96769#SRR5354836","GMP",4,"1","1","0"
"GSE96769#SRR5354802","CMP",8,"2","2","7"
"GSE96769#SRR5353580","HSC",6,"0","0","3"
"GSE96769#SRR5353930","MPP",6,"0","0","3"
"GSE96769#SRR5353872","MPP",6,"0","0","2"
"GSE96769#SRR5354254","CMP",3,"5","7","9"
"GSE96769#SRR5355390","CLP",10,"4","6","8"
"GSE96769#SRR5353594","HSC",6,"0","0","3"
"GSE96769#SRR5353625","HSC",6,"0","0","3"
"GSE96769#SRR5354422","CMP",7,"2","2","1"
"GSE96769#SRR5354042","MPP",8,"0","0","2"
"GSE96769#SRR5355192","MEP",1,"2","4","5"
"GSE96769#SRR5355888","GMP-A",4,"1","1","0"
"GSE96769#SRR5353944","MPP",6,"0","0","2"
"GSE96769#SRR5353659","HSC",6,"0","0","3"
"GSE96769#SRR5355456","CLP",10,"4","6","8"
"GSE96769#SRR5353455","HSC",6,"0","0","3"
"GSE96769#SRR5354214","CMP",7,"2","2","1"
"GSE96769#SRR5355687","pDC",9,"3","3","4"
"GSE96769#SRR5353663","HSC",6,"0","0","2"
"GSE96769#SRR5354904","GMP",4,"1","1","0"
"GSE96769#SRR5355351","MEP",1,"2","4","5"
"GSE96769#SRR5354585","CMP",7,"2","2","1"
"GSE96769#SRR5355359","MEP",1,"2","4","5"
"GSE96769#SRR5353410","HSC",6,"0","0","3"
"GSE96769#SRR5354607","CMP",7,"2","2","1"
"GSE96769#SRR5354043","MPP",8,"2","2","7"
"GSE96769#SRR5354564","CMP",7,"2","2","1"
"GSE96769#SRR5354942","GMP",4,"1","1","0"
"GSE96769#SRR5353805","HSC",8,"0","0","3"
"GSE96769#SRR5353438","HSC",6,"0","0","3"
"GSE96769#SRR5354146","CMP",7,"2","2","1"
"GSE96769#SRR5353699","HSC",8,"0","0","2"
"GSE96769#SRR5356131","GMP-C",4,"1","1","0"
"GSE96769#SRR5355417","CLP",10,"4","6","8"
"GSE96769#SRR5353929","MPP",7,"0","0","3"
"GSE96769#SRR5353882","MPP",6,"0","0","3"
"GSE96769#SRR5356135","GMP-C",4,"1","1","0"
"GSE96769#SRR5354180","CMP",7,"1","1","0"
"GSE96769#SRR5353905","MPP",6,"0","0","3"
"GSE96769#SRR5354468","CMP",7,"2","2","1"
"GSE96769#SRR5353913","MPP",6,"0","0","3"
"GSE96769#SRR5353542","HSC",6,"0","0","3"
"GSE96769#SRR5353985","MPP",8,"2","2","1"
"GSE96769#SRR5355716","pDC",9,"3","3","4"
"GSE96769#SRR5353707","HSC",8,"0","0","2"
"GSE96769#SRR5353647","HSC",6,"2","5","7"
"GSE96769#SRR5354734","CMP",8,"0","0","2"
"GSE96769#SRR5353414","HSC",6,"0","0","3"
"GSE96769#SRR5354177","CMP",6,"0","0","3"
"GSE96769#SRR5355724","pDC",9,"3","3","4"
"GSE96769#SRR5353698","HSC",8,"0","0","2"
"GSE96769#SRR5355001","GMP",4,"1","1","0"
"GSE96769#SRR5354210","CMP",4,"1","1","0"
"GSE96769#SRR5355839","UNK",4,"1","1","0"
"GSE96769#SRR5355300","MEP",1,"2","4","5"
"GSE96769#SRR5354743","CMP",8,"2","2","1"
"GSE96769#SRR5353750","HSC",8,"2","2","7"
"GSE96769#SRR5354509","CMP",7,"2","2","1"
"GSE96769#SRR5354455","CMP",7,"2","2","1"
"GSE96769#SRR5355758","pDC",9,"3","3","4"
"GSE96769#SRR5353853","HSC",8,"5","7","9"
"GSE96769#SRR5355790","UNK",4,"1","1","0"
"GSE96769#SRR5353643","HSC",6,"0","0","2"
"GSE96769#SRR5353633","HSC",6,"0","0","3"
"GSE96769#SRR5354967","GMP",4,"1","1","0"
"GSE96769#SRR5355805","UNK",4,"1","1","0"
"GSE96769#SRR5354209","CMP",7,"1","1","0"
"GSE96769#SRR5354730","CMP",8,"2","2","1"
"GSE96769#SRR5354911","GMP",4,"1","1","0"
"GSE96769#SRR5353461","HSC",6,"0","0","3"
"GSE96769#SRR5354839","GMP",4,"1","1","0"
"GSE96769#SRR5354231","CMP",7,"0","0","3"
"GSE96769#SRR5353712","HSC",8,"0","0","2"
"GSE96769#SRR5355705","pDC",9,"3","3","4"
"GSE96769#SRR5354832","GMP",4,"1","1","0"
"GSE96769#SRR5355448","CLP",10,"4","6","8"
"GSE96769#SRR5353607","HSC",8,"0","0","2"
"GSE96769#SRR5355967","GMP-B",4,"1","1","0"
"GSE96769#SRR5353837","HSC",8,"0","0","2"
"GSE96769#SRR5355730","pDC",9,"3","3","4"
"GSE96769#SRR5353724","HSC",8,"0","0","2"
"GSE96769#SRR5354702","CMP",7,"2","2","1"
"GSE96769#SRR5354937","GMP",4,"1","1","0"
"GSE96769#SRR5354394","CMP",7,"2","2","1"
"GSE96769#SRR5353635","HSC",6,"0","0","3"
"GSE96769#SRR5353993","MPP",8,"2","2","1"
"GSE96769#SRR5354144","LMPP",5,"1","5","6"
"GSE96769#SRR5355838","UNK",4,"1","1","0"
"GSE96769#SRR5354989","GMP",5,"1","1","6"
"GSE96769#SRR5355823","UNK",4,"1","1","0"
"GSE96769#SRR5353709","HSC",8,"0","0","3"
"GSE96769#SRR5355825","UNK",4,"1","1","0"
"GSE96769#SRR5354260","CMP",3,"5","7","9"
"GSE96769#SRR5353637","HSC",6,"0","0","3"
"GSE96769#SRR5353899","MPP",6,"0","0","3"
"GSE96769#SRR5355228","MEP",2,"2","4","5"
"GSE96769#SRR5353935","MPP",6,"0","0","2"
"GSE96769#SRR5355465","CLP",10,"4","6","8"
"GSE96769#SRR5354038","MPP",8,"0","0","3"
"GSE96769#SRR5354283","CMP",3,"5","7","9"
"GSE96769#SRR5354117","LMPP",5,"1","5","6"
"GSE96769#SRR5355508","CLP",10,"4","6","8"
"GSE96769#SRR5355470","CLP",10,"4","6","8"
"GSE96769#SRR5354004","MPP",8,"0","0","7"
"GSE96769#SRR5355529","CLP",5,"1","5","6"
"GSE96769#SRR5355793","UNK",4,"1","1","0"
"GSE96769#SRR5353665","HSC",8,"0","0","3"
"GSE96769#SRR5354055","LMPP",5,"1","5","6"
"GSE96769#SRR5354961","GMP",4,"1","1","6"
"GSE96769#SRR5353556","HSC",6,"0","0","3"
"GSE96769#SRR5356030","GMP-B",4,"1","1","0"
"GSE96769#SRR5355490","CLP",10,"4","6","8"
"GSE96769#SRR5354668","CMP",8,"0","2","1"
"GSE96769#SRR5353803","HSC",8,"0","0","2"
"GSE96769#SRR5354232","CMP",7,"2","2","1"
"GSE96769#SRR5354934","GMP",4,"1","1","0"
"GSE96769#SRR5353821","HSC",8,"0","0","2"
"GSE96769#SRR5353725","HSC",8,"0","0","2"
"GSE96769#SRR5353904","MPP",6,"0","0","3"
"GSE96769#SRR5354424","CMP",7,"2","2","7"
"GSE96769#SRR5356146","GMP-C",4,"1","1","0"
"GSE96769#SRR5354594","CMP",7,"0","0","2"
"GSE96769#SRR5353895","MPP",7,"2","2","7"
"GSE96769#SRR5354002","MPP",8,"0","0","2"
"GSE96769#SRR5355817","UNK",4,"1","1","0"
"GSE96769#SRR5354293","CMP",3,"5","7","9"
"GSE96769#SRR5353613","HSC",6,"0","0","3"
"GSE96769#SRR5354742","CMP",8,"2","2","1"
"GSE96769#SRR5353822","HSC",8,"0","0","2"
"GSE96769#SRR5355489","CLP",10,"4","6","8"
"GSE96769#SRR5355685","pDC",9,"3","3","4"
"GSE96769#SRR5353674","HSC",8,"0","0","2"
"GSE96769#SRR5354165","CMP",7,"2","2","1"
"GSE96769#SRR5355325","MEP",1,"2","4","5"
"GSE96769#SRR5354992","GMP",5,"1","5","6"
"GSE96769#SRR5356075","GMP-C",4,"1","1","0"
"GSE96769#SRR5354542","CMP",7,"1","1","0"
"GSE96769#SRR5353592","HSC",6,"0","0","3"
"GSE96769#SRR5353894","MPP",6,"0","0","3"
"GSE96769#SRR5354086","LMPP",5,"1","5","6"
"GSE96769#SRR5354206","CMP",7,"0","0","3"
"GSE96769#SRR5353834","HSC",8,"2","2","7"
"GSE96769#SRR5355004","GMP",10,"4","6","8"
"GSE96769#SRR5353695","HSC",8,"0","0","2"
"GSE96769#SRR5354810","CMP",1,"2","4","5"
"GSE96769#SRR5355683","pDC",9,"3","3","4"
"GSE96769#SRR5354005","MPP",8,"0","0","2"
"GSE96769#SRR5353680","HSC",8,"0","0","3"
"GSE96769#SRR5355114","MEP",1,"2","4","5"
"GSE96769#SRR5353387","HSC",6,"0","0","3"
"GSE96769#SRR5354938","GMP",5,"1","5","6"
"GSE96769#SRR5355453","CLP",5,"4","6","8"
"GSE96769#SRR5353697","HSC",8,"0","0","2"
"GSE96769#SRR5355964","GMP-B",4,"1","1","0"
"GSE96769#SRR5354493","CMP",7,"2","2","1"
"GSE96769#SRR5353760","HSC",8,"2","2","7"
"GSE96769#SRR5353616","HSC",6,"0","0","3"
"GSE96769#SRR5355538","CLP",10,"4","6","8"
"GSE96769#SRR5355401","CLP",10,"4","6","8"
"GSE96769#SRR5354935","GMP",4,"1","1","0"
"GSE96769#SRR5354444","CMP",7,"2","2","1"
"GSE96769#SRR5353942","MPP",8,"0","0","2"
"GSE96769#SRR5356051","GMP-B",4,"1","1","0"
"GSE96769#SRR5355732","pDC",9,"3","3","4"
"GSE96769#SRR5353876","MPP",6,"0","0","2"
"GSE96769#SRR5355773","UNK",4,"1","1","0"
"GSE96769#SRR5353870","MPP",6,"0","0","3"
"GSE96769#SRR5353880","MPP",6,"0","0","3"
"GSE96769#SRR5355089","GMP",4,"1","1","0"
"GSE96769#SRR5353578","HSC",6,"0","0","3"
"GSE96769#SRR5355400","CLP",10,"4","6","8"
"GSE96769#SRR5355287","MEP",2,"2","4","5"
"GSE96769#SRR5353670","HSC",8,"0","0","2"
"GSE96769#SRR5353450","HSC",6,"0","0","3"
"GSE96769#SRR5355943","GMP-A",4,"1","1","0"
"GSE96769#SRR5354163","CMP",7,"2","2","1"
"GSE96769#SRR5353591","HSC",6,"0","0","2"
"GSE96769#SRR5354999","GMP",5,"1","5","6"
"GSE96769#SRR5355669","pDC",9,"3","3","4"
"GSE96769#SRR5354115","LMPP",5,"1","5","6"
"GSE96769#SRR5354109","LMPP",5,"1","5","6"
"GSE96769#SRR5355846","UNK",4,"1","1","0"
"GSE96769#SRR5354879","GMP",4,"1","1","0"
"GSE96769#SRR5355533","CLP",10,"4","6","8"
"GSE96769#SRR5356133","GMP-C",4,"3","3","4"
"GSE96769#SRR5355802","UNK",4,"1","1","0"
"GSE96769#SRR5354896","GMP",4,"1","1","0"
"GSE96769#SRR5354883","GMP",4,"1","1","0"
"GSE96769#SRR5354903","GMP",4,"1","1","0"
"GSE96769#SRR5355544","CLP",10,"4","6","8"
"GSE96769#SRR5355449","CLP",10,"4","6","8"
"GSE96769#SRR5354876","GMP",4,"1","1","0"
"GSE96769#SRR5353946","MPP",6,"0","0","3"
"GSE96769#SRR5355411","CLP",10,"4","6","8"
"GSE96769#SRR5355623","pDC",9,"3","3","4"
"GSE96769#SRR5353775","HSC",8,"0","0","2"
"GSE96769#SRR5353577","HSC",6,"0","0","3"
"GSE96769#SRR5356047","GMP-B",4,"1","1","0"
"GSE96769#SRR5354390","CMP",7,"2","2","7"
"GSE96769#SRR5355939","GMP-A",4,"1","1","0"
"GSE96769#SRR5356053","GMP-B",4,"1","1","0"
"GSE96769#SRR5354145","CMP",7,"2","2","1"
"GSE96769#SRR5354741","CMP",8,"2","2","1"
"GSE96769#SRR5355636","pDC",9,"3","3","4"
"GSE96769#SRR5355408","CLP",10,"4","6","8"
"GSE96769#SRR5355219","MEP",2,"2","4","5"
"GSE96769#SRR5354048","MPP",8,"0","0","3"
"GSE96769#SRR5353626","HSC",6,"0","0","3"
"GSE96769#SRR5354916","GMP",5,"1","5","6"
"GSE96769#SRR5354924","GMP",4,"1","1","0"
"GSE96769#SRR5354122","LMPP",5,"1","5","6"
"GSE96769#SRR5353717","HSC",8,"0","0","7"
"GSE96769#SRR5353813","HSC",8,"0","0","2"
"GSE96769#SRR5354928","GMP",5,"3","3","4"
"GSE96769#SRR5355569","CLP",10,"4","6","8"
"GSE96769#SRR5354968","GMP",4,"1","1","6"
"GSE96769#SRR5353381","HSC",6,"0","0","3"
"GSE96769#SRR5353921","MPP",6,"2","2","1"
"GSE96769#SRR5353999","MPP",8,"2","2","1"
"GSE96769#SRR5354194","CMP",7,"0","0","2"
"GSE96769#SRR5355845","UNK",4,"1","1","0"
"GSE96769#SRR5356031","GMP-B",4,"1","1","0"
"GSE96769#SRR5354732","CMP",8,"0","0","2"
"GSE96769#SRR5353863","MPP",6,"0","0","3"
"GSE96769#SRR5353952","MPP",6,"0","0","3"
"GSE96769#SRR5353621","HSC",6,"0","0","3"
"GSE96769#SRR5353483","HSC",6,"0","0","3"
"GSE96769#SRR5354962","GMP",4,"1","1","0"
"GSE96769#SRR5353624","HSC",6,"0","0","3"
"GSE96769#SRR5355829","UNK",4,"1","1","0"
"GSE96769#SRR5354820","GMP",4,"1","1","0"
"GSE96769#SRR5355507","CLP",10,"4","6","8"
"GSE96769#SRR5355474","CLP",10,"4","6","8"
"GSE96769#SRR5355834","UNK",4,"1","1","0"
"GSE96769#SRR5353554","HSC",6,"0","0","3"
"GSE96769#SRR5354168","CMP",7,"2","2","1"
"GSE96769#SRR5355570","CLP",10,"4","6","8"
"GSE96769#SRR5353490","HSC",6,"0","0","3"
"GSE96769#SRR5353494","HSC",6,"0","0","3"
"GSE96769#SRR5355473","CLP",10,"4","6","8"
"GSE96769#SRR5353903","MPP",6,"0","0","3"
"GSE96769#SRR5354985","GMP",4,"1","1","0"
"GSE96769#SRR5353614","HSC",6,"0","0","3"
"GSE96769#SRR5354127","LMPP",5,"1","5","6"
"GSE96769#SRR5354976","GMP",4,"1","1","0"
"GSE96769#SRR5353688","HSC",8,"0","0","2"
"GSE96769#SRR5355849","UNK",4,"1","1","0"
"GSE96769#SRR5354489","CMP",7,"2","2","1"
"GSE96769#SRR5355907","GMP-A",4,"1","1","0"
"GSE96769#SRR5355242","MEP",2,"2","4","5"
"GSE96769#SRR5356045","GMP-B",4,"1","1","0"
"GSE96769#SRR5354694","CMP",7,"2","2","1"
"GSE96769#SRR5354352","CMP",7,"0","2","7"
"GSE96769#SRR5353797","HSC",8,"0","0","2"
"GSE96769#SRR5354939","GMP",5,"1","5","6"
"GSE96769#SRR5355184","MEP",1,"2","4","5"
"GSE96769#SRR5355568","CLP",10,"4","6","8"
"GSE96769#SRR5353477","HSC",6,"0","0","3"
"GSE96769#SRR5353645","HSC",6,"0","0","3"
"GSE96769#SRR5353448","HSC",6,"0","0","3"
"GSE96769#SRR5353599","HSC",6,"0","0","3"
"GSE96769#SRR5353824","HSC",8,"0","0","2"
"GSE96769#SRR5355504","CLP",10,"4","6","8"
"GSE96769#SRR5355414","CLP",5,"1","5","6"
"GSE96769#SRR5353546","HSC",6,"0","0","3"
"GSE96769#SRR5354320","CMP",3,"5","7","9"
"GSE96769#SRR5353892","MPP",6,"0","0","3"
"GSE96769#SRR5353938","MPP",6,"0","0","3"
"GSE96769#SRR5354606","CMP",7,"2","2","1"
"GSE96769#SRR5353378","HSC",6,"0","0","3"
"GSE96769#SRR5353791","HSC",8,"0","0","2"
"GSE96769#SRR5354859","GMP",4,"1","1","0"
"GSE96769#SRR5354458","CMP",7,"2","2","1"
"GSE96769#SRR5354212","CMP",7,"2","2","1"
"GSE96769#SRR5354744","CMP",8,"2","2","7"
"GSE96769#SRR5354978","GMP",5,"1","1","0"
"GSE96769#SRR5353799","HSC",8,"2","2","7"
"GSE96769#SRR5354061","LMPP",5,"1","5","6"
"GSE96769#SRR5354952","GMP",5,"1","5","6"
"GSE96769#SRR5353796","HSC",8,"0","0","3"
"GSE96769#SRR5353878","MPP",6,"0","0","3"
"GSE96769#SRR5353532","HSC",6,"0","0","3"
"GSE96769#SRR5354497","CMP",7,"2","2","1"
"GSE96769#SRR5353745","HSC",8,"0","0","3"
"GSE96769#SRR5354857","GMP",5,"1","5","6"
"GSE96769#SRR5354499","CMP",7,"2","2","1"
"GSE96769#SRR5355437","CLP",10,"4","6","8"
"GSE96769#SRR5354150","CMP",7,"2","2","1"
"GSE96769#SRR5355682","pDC",9,"3","3","4"
"GSE96769#SRR5354956","GMP",5,"1","5","6"
"GSE96769#SRR5353433","HSC",6,"0","0","3"
"GSE96769#SRR5353762","HSC",8,"0","0","2"
"GSE96769#SRR5354997","GMP",4,"1","1","0"
"GSE96769#SRR5355864","UNK",4,"1","1","0"
"GSE96769#SRR5354178","CMP",7,"2","2","1"
"GSE96769#SRR5355440","CLP",10,"4","6","8"
"GSE96769#SRR5355459","CLP",10,"4","6","8"
"GSE96769#SRR5354381","CMP",7,"2","2","7"
"GSE96769#SRR5354617","CMP",7,"2","2","1"
"GSE96769#SRR5354505","CMP",7,"0","0","2"
"GSE96769#SRR5355475","CLP",10,"4","6","8"
"GSE96769#SRR5353426","HSC",6,"0","0","3"
"GSE96769#SRR5355576","CLP",10,"4","6","8"
"GSE96769#SRR5353585","HSC",6,"0","0","3"
"GSE96769#SRR5354644","CMP",7,"0","2","7"
"GSE96769#SRR5353646","HSC",6,"0","0","3"
"GSE96769#SRR5353547","HSC",6,"0","0","3"
"GSE96769#SRR5353534","HSC",6,"0","0","3"
"GSE96769#SRR5354091","LMPP",5,"1","5","6"
"GSE96769#SRR5353978","MPP",8,"0","0","2"
"GSE96769#SRR5353671","HSC",8,"0","0","2"
"GSE96769#SRR5354224","CMP",4,"1","1","0"
"GSE96769#SRR5354379","CMP",7,"2","2","1"
"GSE96769#SRR5354029","MPP",8,"2","4","5"
"GSE96769#SRR5354954","GMP",5,"1","5","6"
"GSE96769#SRR5353906","MPP",6,"0","0","3"
"GSE96769#SRR5353459","HSC",6,"0","0","3"
"GSE96769#SRR5353897","MPP",6,"0","0","3"
"GSE96769#SRR5355540","CLP",10,"4","6","8"
"GSE96769#SRR5354944","GMP",5,"1","5","6"
"GSE96769#SRR5355517","CLP",10,"4","6","8"
"GSE96769#SRR5355528","CLP",10,"4","6","8"
"GSE96769#SRR5356026","GMP-B",4,"1","1","0"
"GSE96769#SRR5353700","HSC",8,"0","0","2"
"GSE96769#SRR5354233","CMP",7,"2","2","1"
"GSE96769#SRR5354984","GMP",4,"1","1","0"
"GSE96769#SRR5354940","GMP",5,"1","5","6"
"GSE96769#SRR5355664","pDC",9,"3","3","4"
"GSE96769#SRR5353855","HSC",8,"0","0","2"
"GSE96769#SRR5354556","CMP",7,"2","2","1"
"GSE96769#SRR5355572","CLP",10,"4","6","8"
"GSE96769#SRR5354988","GMP",5,"1","1","0"
"GSE96769#SRR5354065","LMPP",5,"1","5","6"
"GSE96769#SRR5353858","MPP",6,"0","0","3"
"GSE96769#SRR5353810","HSC",8,"0","0","7"
"GSE96769#SRR5354972","GMP",4,"1","1","0"
"GSE96769#SRR5353504","HSC",6,"0","0","3"
"GSE96769#SRR5354964","GMP",5,"1","5","6"
"GSE96769#SRR5354152","CMP",7,"2","2","1"
"GSE96769#SRR5355765","pDC",9,"3","3","4"
"GSE96769#SRR5353586","HSC",6,"0","0","3"
"GSE96769#SRR5355485","CLP",10,"4","6","8"
"GSE96769#SRR5354932","GMP",5,"1","5","6"
"GSE96769#SRR5355543","CLP",10,"4","6","8"
"GSE96769#SRR5353506","HSC",6,"0","0","3"
"GSE96769#SRR5355445","CLP",4,"0","0","2"
"GSE96769#SRR5355916","GMP-A",4,"1","1","0"
"GSE96769#SRR5355046","GMP",4,"1","1","0"
"GSE96769#SRR5354572","CMP",7,"2","2","7"
"GSE96769#SRR5355965","GMP-B",4,"1","1","0"
"GSE96769#SRR5355389","CLP",10,"4","6","8"
"GSE96769#SRR5355731","pDC",9,"3","3","4"
"GSE96769#SRR5354797","CMP",8,"2","2","1"
"GSE96769#SRR5354383","CMP",7,"2","2","1"
"GSE96769#SRR5354600","CMP",8,"2","2","1"
"GSE96769#SRR5353980","MPP",8,"0","0","2"
"GSE96769#SRR5353518","HSC",6,"0","0","3"
"GSE96769#SRR5354195","CMP",1,"2","4","5"
"GSE96769#SRR5353970","MPP",8,"0","0","3"
"GSE96769#SRR5354063","LMPP",5,"1","5","6"
"GSE96769#SRR5354223","CMP",7,"1","1","0"
"GSE96769#SRR5353852","HSC",8,"0","0","3"
"GSE96769#SRR5356102","GMP-C",4,"3","3","4"
"GSE96769#SRR5355660","pDC",9,"3","3","4"
"GSE96769#SRR5354971","GMP",5,"1","5","6"
"GSE96769#SRR5353847","HSC",8,"0","0","2"
"GSE96769#SRR5354515","CMP",7,"2","2","7"
"GSE96769#SRR5353856","HSC",8,"0","0","2"
"GSE96769#SRR5354995","GMP",4,"1","1","0"
"GSE96769#SRR5354549","CMP",7,"2","2","1"
"GSE96769#SRR5354970","GMP",4,"1","1","0"
"GSE96769#SRR5355972","GMP-B",4,"1","1","0"
"GSE96769#SRR5354546","CMP",7,"2","2","7"
"GSE96769#SRR5353676","HSC",8,"0","0","2"
"GSE96769#SRR5354608","CMP",7,"0","2","7"
"GSE96769#SRR5355763","pDC",9,"3","3","4"
"GSE96769#SRR5353820","HSC",8,"0","0","3"
"GSE96769#SRR5356080","GMP-C",4,"1","1","0"
"GSE96769#SRR5355112","MEP",1,"2","4","5"
"GSE96769#SRR5354776","CMP",8,"2","2","1"
"GSE96769#SRR5354049","LMPP",5,"1","5","6"
"GSE96769#SRR5353436","HSC",6,"0","0","3"
"GSE96769#SRR5354895","GMP",4,"1","1","0"
"GSE96769#SRR5355429","CLP",10,"4","6","8"
"GSE96769#SRR5354665","CMP",7,"2","2","1"
"GSE96769#SRR5355828","UNK",4,"1","1","0"
"GSE96769#SRR5353877","MPP",6,"0","0","2"
"GSE96769#SRR5353939","MPP",6,"0","0","3"
"GSE96769#SRR5354980","GMP",4,"1","1","0"
"GSE96769#SRR5354974","GMP",8,"1","5","7"
"GSE96769#SRR5355761","pDC",9,"3","3","4"
"GSE96769#SRR5354739","CMP",8,"2","2","7"
"GSE96769#SRR5354936","GMP",4,"1","1","0"
"GSE96769#SRR5355966","GMP-B",4,"1","1","0"
"GSE96769#SRR5353530","HSC",6,"0","0","3"
"GSE96769#SRR5354234","CMP",7,"2","2","1"
"GSE96769#SRR5355648","pDC",9,"3","3","4"
"GSE96769#SRR5353710","HSC",8,"0","0","2"
"GSE96769#SRR5354226","CMP",7,"2","2","7"
"GSE96769#SRR5354998","GMP",4,"1","5","6"
"GSE96769#SRR5354915","GMP",4,"1","1","0"
"GSE96769#SRR5354983","GMP",9,"3","3","4"
"GSE96769#SRR5353854","HSC",8,"0","0","2"
"GSE96769#SRR5354296","CMP",3,"5","7","9"
"GSE96769#SRR5353832","HSC",8,"0","0","2"
"GSE96769#SRR5354440","CMP",7,"2","2","1"
"GSE96769#SRR5353997","MPP",8,"0","0","2"
"GSE96769#SRR5354927","GMP",5,"1","5","6"
"GSE96769#SRR5353902","MPP",6,"0","0","3"
"GSE96769#SRR5355096","GMP",4,"1","1","0"
"GSE96769#SRR5354930","GMP",4,"1","1","0"
"GSE96769#SRR5353857","MPP",6,"0","0","3"
"GSE96769#SRR5353752","HSC",8,"0","0","2"
"GSE96769#SRR5354193","CMP",7,"0","0","3"
"GSE96769#SRR5355816","UNK",4,"1","1","0"
"GSE96769#SRR5354019","MPP",8,"0","0","2"
"GSE96769#SRR5353548","HSC",6,"0","0","3"
"GSE96769#SRR5354618","CMP",7,"2","2","1"
"GSE96769#SRR5355007","GMP",4,"1","5","6"
"GSE96769#SRR5355534","CLP",10,"4","6","8"
"GSE96769#SRR5355206","MEP",2,"2","4","5"
"GSE96769#SRR5354751","CMP",7,"2","2","1"
"GSE96769#SRR5354871","GMP",4,"1","1","0"
"GSE96769#SRR5356079","GMP-C",4,"1","1","0"
"GSE96769#SRR5354476","CMP",7,"2","2","1"
"GSE96769#SRR5353735","HSC",8,"0","0","3"
"GSE96769#SRR5354036","MPP",8,"2","2","1"
"GSE96769#SRR5353890","MPP",6,"0","0","3"
"GSE96769#SRR5354951","GMP",5,"3","3","4"
"GSE96769#SRR5354164","CMP",7,"0","0","2"
"GSE96769#SRR5355151","MEP",1,"2","4","5"
"GSE96769#SRR5355686","pDC",9,"3","3","4"
"GSE96769#SRR5353479","HSC",6,"0","0","3"
"GSE96769#SRR5354768","CMP",8,"2","2","1"
"GSE96769#SRR5354693","CMP",7,"2","2","1"
"GSE96769#SRR5354957","GMP",4,"1","1","0"
"GSE96769#SRR5356110","GMP-C",4,"1","1","0"
"GSE96769#SRR5355735","pDC",9,"3","3","4"
"GSE96769#SRR5353719","HSC",8,"0","0","3"
"GSE96769#SRR5354301","CMP",8,"2","2","1"
"GSE96769#SRR5353914","MPP",6,"0","0","3"
"GSE96769#SRR5355562","CLP",10,"4","6","8"
"GSE96769#SRR5355423","CLP",10,"4","6","8"
"GSE96769#SRR5354101","LMPP",5,"3","5","6"
"GSE96769#SRR5354778","CMP",7,"2","2","1"
"GSE96769#SRR5354801","CMP",7,"2","2","1"
"GSE96769#SRR5354990","GMP",4,"1","1","0"
"GSE96769#SRR5355821","UNK",4,"1","1","0"
"GSE96769#SRR5353513","HSC",6,"0","0","3"
"GSE96769#SRR5355319","MEP",1,"2","4","5"
"GSE96769#SRR5353405","HSC",6,"0","0","3"
"GSE96769#SRR5354709","CMP",7,"2","2","7"
"GSE96769#SRR5355361","MEP",1,"2","4","5"
"GSE96769#SRR5354849","GMP",4,"1","1","0"
"GSE96769#SRR5354580","CMP",7,"2","2","1"
"GSE96769#SRR5355555","CLP",10,"4","6","8"
"GSE96769#SRR5354378","CMP",7,"2","2","1"
"GSE96769#SRR5353754","HSC",8,"0","0","3"
"GSE96769#SRR5354975","GMP",5,"1","5","6"
"GSE96769#SRR5353816","HSC",8,"0","2","7"
"GSE96769#SRR5354959","GMP",4,"1","1","0"
"GSE96769#SRR5354511","CMP",7,"2","2","1"
"GSE96769#SRR5353544","HSC",6,"0","0","3"
"GSE96769#SRR5355772","UNK",4,"1","1","0"
"GSE96769#SRR5355008","GMP",10,"4","6","8"
"GSE96769#SRR5355780","UNK",4,"1","1","0"
"GSE96769#SRR5354041","MPP",8,"0","0","3"
"GSE96769#SRR5353940","MPP",6,"0","0","3"
"GSE96769#SRR5354401","CMP",7,"2","2","1"
"GSE96769#SRR5354013","MPP",8,"2","2","7"
"GSE96769#SRR5353798","HSC",8,"0","0","3"
"GSE96769#SRR5353871","MPP",6,"0","0","3"
"GSE96769#SRR5354157","CMP",7,"0","0","2"
"GSE96769#SRR5354012","MPP",8,"0","0","2"
"GSE96769#SRR5354920","GMP",4,"1","1","0"
"GSE96769#SRR5355447","CLP",10,"4","6","8"
"GSE96769#SRR5354437","CMP",7,"2","2","1"
"GSE96769#SRR5356115","GMP-C",4,"1","1","0"
"GSE96769#SRR5353953","MPP",8,"2","2","7"
"GSE96769#SRR5353844","HSC",8,"0","0","2"
"GSE96769#SRR5354000","MPP",8,"0","0","2"
"GSE96769#SRR5354040","MPP",7,"0","0","3"
"GSE96769#SRR5354963","GMP",9,"3","3","4"
"GSE96769#SRR5356100","GMP-C",4,"1","1","0"
"GSE96769#SRR5353741","HSC",8,"1","5","6"
"GSE96769#SRR5354811","CMP",8,"0","0","2"
"GSE96769#SRR5355760","pDC",9,"3","3","4"
"GSE96769#SRR5355796","UNK",4,"1","1","0"
"GSE96769#SRR5353404","HSC",6,"0","0","3"
"GSE96769#SRR5354155","CMP",7,"2","2","1"
"GSE96769#SRR5354653","CMP",7,"2","2","1"
"GSE96769#SRR5353830","HSC",8,"0","0","3"
"GSE96769#SRR5353862","MPP",6,"0","0","3"
"GSE96769#SRR5353945","MPP",6,"0","0","3"
"GSE96769#SRR5354185","CMP",7,"2","2","1"
"GSE96769#SRR5353399","HSC",6,"0","0","3"
"GSE96769#SRR5354925","GMP",4,"1","1","0"
"GSE96769#SRR5353808","HSC",8,"0","0","3"
"GSE96769#SRR5356024","GMP-B",4,"1","1","0"
"GSE96769#SRR5353600","HSC",6,"0","0","3"
"GSE96769#SRR5353662","HSC",6,"0","0","3"
"GSE96769#SRR5354441","CMP",7,"2","2","1"
"GSE96769#SRR5355320","MEP",1,"2","4","5"
"GSE96769#SRR5354243","CMP",3,"5","7","9"
"GSE96769#SRR5353682","HSC",8,"0","0","2"
"GSE96769#SRR5356077","GMP-C",4,"1","1","0"
"GSE96769#SRR5353851","HSC",8,"0","0","2"
"GSE96769#SRR5354966","GMP",4,"1","1","0"
"GSE96769#SRR5354349","CMP",7,"2","2","1"
"GSE96769#SRR5354711","CMP",7,"2","2","7"
"GSE96769#SRR5354530","CMP",8,"2","2","1"
"GSE96769#SRR5353916","MPP",6,"0","0","3"
"GSE96769#SRR5354929","GMP",4,"1","1","0"
"GSE96769#SRR5354731","CMP",8,"2","2","1"
"GSE96769#SRR5354761","CMP",7,"2","2","1"
"GSE96769#SRR5354979","GMP",5,"1","5","6"
"GSE96769#SRR5356069","GMP-C",4,"1","1","0"
"GSE96769#SRR5353943","MPP",6,"0","0","3"
"GSE96769#SRR5354418","CMP",7,"0","0","3"
"GSE96769#SRR5353918","MPP",6,"0","0","3"
"GSE96769#SRR5354659","CMP",7,"2","2","7"
"GSE96769#SRR5354298","CMP",3,"5","7","9"
"GSE96769#SRR5353421","HSC",6,"0","0","3"
"GSE96769#SRR5354570","CMP",7,"2","2","1"
"GSE96769#SRR5355640","pDC",9,"3","3","4"
"GSE96769#SRR5354917","GMP",5,"1","1","0"
"GSE96769#SRR5354028","MPP",8,"2","2","1"
"GSE96769#SRR5354753","CMP",8,"2","2","7"
"GSE96769#SRR5353742","HSC",8,"0","0","2"
"GSE96769#SRR5354257","CMP",3,"5","7","9"
"GSE96769#SRR5354425","CMP",7,"0","0","3"
"GSE96769#SRR5353683","HSC",8,"0","0","3"
"GSE96769#SRR5354431","CMP",7,"1","1","0"
"GSE96769#SRR5353549","HSC",6,"0","0","3"
"GSE96769#SRR5354317","CMP",3,"5","7","9"
"GSE96769#SRR5354563","CMP",7,"2","2","7"
"GSE96769#SRR5353482","HSC",6,"0","0","3"
"GSE96769#SRR5353523","HSC",6,"0","0","3"
